Unnamed: 0,team,task,task_type,score,incorrect,correct,time_till_correct,novice,year,precision
0,MyScéal,LSC22-KIS01,KIS,93.67233333333334,0,1,37.966,False,2022,1.0
1,LifeSeeker,LSC22-KIS01,KIS,96.76283333333332,0,1,19.423,False,2022,1.0
2,MEMENTO,LSC22-KIS01,KIS,93.18366666666668,0,1,40.898,False,2022,1.0
3,FIRST,LSC22-KIS01,KIS,90.45333333333332,0,1,57.28,False,2022,1.0
4,Voxento,LSC22-KIS01,KIS,89.96933333333334,2,1,57.784,False,2022,0.3333333333333333
5,vitrivr,LSC22-KIS01,KIS,0.0,0,0,,False,2022,0.0
6,lifeXplore,LSC22-KIS01,KIS,0.0,1,0,,False,2022,0.0
7,vitrivr-VR,LSC22-KIS01,KIS,0.0,1,0,,False,2022,0.0
8,MEMORIA,LSC22-KIS01,KIS,0.0,0,0,,False,2022,0.0
9,MyScéal,LSC22-QA01,QA,48.90055555555556,0,1,180.0,False,2022,1.0
10,LifeSeeker,LSC22-QA01,QA,49.00805555555555,0,1,180.0,False,2022,1.0
11,MEMENTO,LSC22-QA01,QA,60.86,0,1,140.904,False,2022,1.0
12,FIRST,LSC22-QA01,QA,0.0,0,0,,False,2022,0.0
13,Voxento,LSC22-QA01,QA,0.0,0,0,,False,2022,0.0
14,vitrivr,LSC22-QA01,QA,0.0,0,0,,False,2022,0.0
15,lifeXplore,LSC22-QA01,QA,0.0,0,0,,False,2022,0.0
16,vitrivr-VR,LSC22-QA01,QA,0.0,1,0,,False,2022,0.0
17,MEMORIA,LSC22-QA01,QA,0.0,1,0,,False,2022,0.0
18,MyScéal,LSC22-AH01,AD,43.25754325754325,1,55,17.912,False,2022,0.9821428571428571
19,LifeSeeker,LSC22-AH01,AD,57.15358215358215,2,73,24.762,False,2022,0.9733333333333334
20,MEMENTO,LSC22-AH01,AD,55.95515595515596,1,71,18.039,False,2022,0.9861111111111112
21,FIRST,LSC22-AH01,AD,10.761366693570084,19,20,40.519,False,2022,0.5128205128205128
22,Voxento,LSC22-AH01,AD,39.68253968253968,0,50,39.681,False,2022,1.0
23,vitrivr,LSC22-AH01,AD,33.714896214896214,10,47,17.966,False,2022,0.8245614035087719
24,lifeXplore,LSC22-AH01,AD,6.349206349206349,0,8,81.279,False,2022,1.0
25,vitrivr-VR,LSC22-AH01,AD,8.73015873015873,0,11,21.118,False,2022,1.0
26,MEMORIA,LSC22-AH01,AD,9.523809523809524,0,12,98.103,False,2022,1.0
27,MyScéal,LSC22-KIS02,KIS,64.75883333333333,5,1,205.447,False,2022,0.16666666666666666
28,LifeSeeker,LSC22-KIS02,KIS,63.518,1,1,217.692,False,2022,0.5
29,MEMENTO,LSC22-KIS02,KIS,58.23,4,1,245.82,False,2022,0.2
30,FIRST,LSC22-KIS02,KIS,62.772,2,1,220.968,False,2022,0.3333333333333333
31,Voxento,LSC22-KIS02,KIS,78.64483333333334,0,1,128.131,False,2022,1.0
32,vitrivr,LSC22-KIS02,KIS,0.0,3,0,,False,2022,0.0
33,lifeXplore,LSC22-KIS02,KIS,64.26233333333333,2,1,212.026,False,2022,0.3333333333333333
34,vitrivr-VR,LSC22-KIS02,KIS,51.938500000000005,1,1,287.169,False,2022,0.5
35,MEMORIA,LSC22-KIS02,KIS,0.0,0,0,,False,2022,0.0
36,MyScéal,LSC22-QA02,QA,90.77916666666668,0,1,33.195,False,2022,1.0
37,LifeSeeker,LSC22-QA02,QA,84.33361111111111,0,1,56.399,False,2022,1.0
38,MEMENTO,LSC22-QA02,QA,92.23777777777778,0,1,27.944,False,2022,1.0
39,FIRST,LSC22-QA02,QA,90.52222222222224,0,1,34.12,False,2022,1.0
40,Voxento,LSC22-QA02,QA,92.43277777777776,0,1,27.242,False,2022,1.0
41,vitrivr,LSC22-QA02,QA,89.94777777777777,0,1,36.188,False,2022,1.0
42,lifeXplore,LSC22-QA02,QA,92.58,0,1,26.712,False,2022,1.0
43,vitrivr-VR,LSC22-QA02,QA,92.85333333333332,0,1,25.728,False,2022,1.0
44,MEMORIA,LSC22-QA02,QA,71.32611111111112,0,1,103.226,False,2022,1.0
45,MyScéal,LSC22-AH02,AD,28.551446315671683,49,189,32.184,False,2022,0.7941176470588235
46,LifeSeeker,LSC22-AH02,AD,38.76419059924599,199,302,20.893,False,2022,0.6027944111776448
47,MEMENTO,LSC22-AH02,AD,4.42320819112628,28,36,24.46,False,2022,0.5625
48,FIRST,LSC22-AH02,AD,15.484768044495006,33,105,53.338,False,2022,0.7608695652173914
49,Voxento,LSC22-AH02,AD,4.753484929479008,15,34,27.416,False,2022,0.6938775510204082
50,vitrivr,LSC22-AH02,AD,12.542662116040956,24,84,39.278,False,2022,0.7777777777777778
51,lifeXplore,LSC22-AH02,AD,13.508004891656208,167,130,22.335,False,2022,0.4377104377104377
52,vitrivr-VR,LSC22-AH02,AD,4.6598407281001135,11,32,48.143,False,2022,0.7441860465116279
53,MEMORIA,LSC22-AH02,AD,7.522753128555176,4,46,97.312,False,2022,0.92
54,MyScéal,LSC22-KIS03,KIS,96.958,0,1,18.252,False,2022,1.0
55,LifeSeeker,LSC22-KIS03,KIS,92.63016666666668,0,1,44.219,False,2022,1.0
56,MEMENTO,LSC22-KIS03,KIS,96.8165,0,1,19.101,False,2022,1.0
57,FIRST,LSC22-KIS03,KIS,92.0945,0,1,47.433,False,2022,1.0
58,Voxento,LSC22-KIS03,KIS,94.82966666666668,0,1,31.022,False,2022,1.0
59,vitrivr,LSC22-KIS03,KIS,68.3395,0,1,189.963,False,2022,1.0
60,lifeXplore,LSC22-KIS03,KIS,87.50016666666667,0,1,74.999,False,2022,1.0
61,vitrivr-VR,LSC22-KIS03,KIS,0.0,0,0,,False,2022,0.0
62,MEMORIA,LSC22-KIS03,KIS,0.0,0,0,,False,2022,0.0
63,MyScéal,LSC22-QA03,QA,93.75722222222224,0,1,22.474,False,2022,1.0
64,LifeSeeker,LSC22-QA03,QA,90.79222222222222,0,1,33.148,False,2022,1.0
65,MEMENTO,LSC22-QA03,QA,89.02694444444444,0,1,39.503,False,2022,1.0
66,FIRST,LSC22-QA03,QA,80.37027777777777,0,1,70.667,False,2022,1.0
67,Voxento,LSC22-QA03,QA,75.4175,0,1,88.497,False,2022,1.0
68,vitrivr,LSC22-QA03,QA,53.00055555555555,0,1,169.198,False,2022,1.0
69,lifeXplore,LSC22-QA03,QA,0.0,1,0,,False,2022,0.0
70,vitrivr-VR,LSC22-QA03,QA,51.61722222222223,0,1,174.178,False,2022,1.0
71,MEMORIA,LSC22-QA03,QA,75.52805555555555,0,1,88.099,False,2022,1.0
72,MyScéal,LSC22-KIS04,KIS,94.93983333333333,0,1,30.361,False,2022,1.0
73,LifeSeeker,LSC22-KIS04,KIS,73.82666666666667,1,1,155.84,False,2022,0.5
74,MEMENTO,LSC22-KIS04,KIS,95.73816666666669,0,1,25.571,False,2022,1.0
75,FIRST,LSC22-KIS04,KIS,83.2175,0,1,100.695,False,2022,1.0
76,Voxento,LSC22-KIS04,KIS,95.89116666666666,0,1,24.653,False,2022,1.0
77,vitrivr,LSC22-KIS04,KIS,60.20816666666667,2,1,236.351,False,2022,0.3333333333333333
78,lifeXplore,LSC22-KIS04,KIS,77.516,0,1,134.904,False,2022,1.0
79,vitrivr-VR,LSC22-KIS04,KIS,74.34016666666666,1,1,152.759,False,2022,0.5
80,MEMORIA,LSC22-KIS04,KIS,0.0,1,0,,False,2022,0.0
81,MyScéal,LSC22-AD03,AD,74.80586712683348,12,51,28.574,False,2022,0.8095238095238095
82,LifeSeeker,LSC22-AD03,AD,82.25573770491802,13,56,44.245,False,2022,0.8115942028985508
83,MEMENTO,LSC22-AD03,AD,44.26229508196721,0,27,40.072,False,2022,1.0
84,FIRST,LSC22-AD03,AD,35.39645366343259,3,23,43.782,False,2022,0.8846153846153846
85,Voxento,LSC22-AD03,AD,45.90163934426229,0,28,20.732,False,2022,1.0
86,vitrivr,LSC22-AD03,AD,41.81874420043304,1,26,39.011,False,2022,0.9629629629629629
87,lifeXplore,LSC22-AD03,AD,0.0,0,0,,False,2022,0.0
88,vitrivr-VR,LSC22-AD03,AD,36.13387978142076,2,23,23.429,False,2022,0.92
89,MEMORIA,LSC22-AD03,AD,0.0,0,0,,False,2022,0.0
90,MyScéal,LSC22-QA04,QA,68.27972222222222,0,1,114.193,False,2022,1.0
91,LifeSeeker,LSC22-QA04,QA,63.40694444444444,0,1,131.735,False,2022,1.0
92,MEMENTO,LSC22-QA04,QA,0.0,1,0,,False,2022,0.0
93,FIRST,LSC22-QA04,QA,75.19222222222223,0,1,89.308,False,2022,1.0
94,Voxento,LSC22-QA04,QA,0.0,1,0,,False,2022,0.0
95,vitrivr,LSC22-QA04,QA,0.0,0,0,,False,2022,0.0
96,lifeXplore,LSC22-QA04,QA,74.69666666666666,0,1,91.092,False,2022,1.0
97,vitrivr-VR,LSC22-QA04,QA,0.0,0,0,,False,2022,0.0
98,MEMORIA,LSC22-QA04,QA,65.67055555555555,0,1,123.586,False,2022,1.0
99,MyScéal,LSC22-KIS05,KIS,81.122,0,1,113.268,False,2022,1.0
100,LifeSeeker,LSC22-KIS05,KIS,50.07816666666667,3,1,295.931,False,2022,0.25
101,MEMENTO,LSC22-KIS05,KIS,85.52666666666667,0,1,86.84,False,2022,1.0
102,FIRST,LSC22-KIS05,KIS,73.61516666666667,0,1,158.309,False,2022,1.0
103,Voxento,LSC22-KIS05,KIS,64.8505,2,1,208.497,False,2022,0.3333333333333333
104,vitrivr,LSC22-KIS05,KIS,76.24683333333333,0,1,142.519,False,2022,1.0
105,lifeXplore,LSC22-KIS05,KIS,70.57283333333334,0,1,176.563,False,2022,1.0
106,vitrivr-VR,LSC22-KIS05,KIS,83.22333333333333,0,1,100.66,False,2022,1.0
107,MEMORIA,LSC22-KIS05,KIS,84.37683333333334,0,1,93.739,False,2022,1.0
108,MyScéal,LSC22-QA05,QA,82.29472222222222,0,1,63.739,False,2022,1.0
109,LifeSeeker,LSC22-QA05,QA,81.67611111111111,0,1,65.966,False,2022,1.0
110,MEMENTO,LSC22-QA05,QA,0.0,1,0,,False,2022,0.0
111,FIRST,LSC22-QA05,QA,0.0,1,0,,False,2022,0.0
112,Voxento,LSC22-QA05,QA,0.0,1,0,,False,2022,0.0
113,vitrivr,LSC22-QA05,QA,83.26638888888888,0,1,60.241,False,2022,1.0
114,lifeXplore,LSC22-QA05,QA,83.78777777777778,0,1,58.364,False,2022,1.0
115,vitrivr-VR,LSC22-QA05,QA,56.55777777777778,0,1,156.392,False,2022,1.0
116,MEMORIA,LSC22-QA05,QA,0.0,1,0,,False,2022,0.0
117,MyScéal,LSC22-QA06,QA,75.82055555555556,0,1,87.046,False,2022,1.0
118,LifeSeeker,LSC22-QA06,QA,66.76555555555555,0,1,119.644,False,2022,1.0
119,MEMENTO,LSC22-QA06,QA,74.79555555555555,0,1,90.736,False,2022,1.0
120,FIRST,LSC22-QA06,QA,65.07972222222223,0,1,125.713,False,2022,1.0
121,Voxento,LSC22-QA06,QA,0.0,1,0,,False,2022,0.0
122,vitrivr,LSC22-QA06,QA,86.90722222222223,0,1,47.134,False,2022,1.0
123,lifeXplore,LSC22-QA06,QA,0.0,1,0,,False,2022,0.0
124,vitrivr-VR,LSC22-QA06,QA,80.51833333333335,0,1,70.134,False,2022,1.0
125,MEMORIA,LSC22-QA06,QA,60.55722222222222,0,1,141.994,False,2022,1.0
126,MyScéal,LSC22-KIS06,KIS,80.04216666666667,0,1,119.747,False,2022,1.0
127,LifeSeeker,LSC22-KIS06,KIS,79.67750000000001,0,1,121.935,False,2022,1.0
128,MEMENTO,LSC22-KIS06,KIS,89.58333333333333,1,1,61.3,False,2022,0.5
129,FIRST,LSC22-KIS06,KIS,82.50133333333333,1,1,103.792,False,2022,0.5
130,Voxento,LSC22-KIS06,KIS,84.32016666666665,1,1,92.879,False,2022,0.5
131,vitrivr,LSC22-KIS06,KIS,0.0,1,0,,False,2022,0.0
132,lifeXplore,LSC22-KIS06,KIS,77.11683333333333,2,1,134.899,False,2022,0.3333333333333333
133,vitrivr-VR,LSC22-KIS06,KIS,0.0,1,0,,False,2022,0.0
134,MEMORIA,LSC22-KIS06,KIS,0.0,0,0,,False,2022,0.0
135,MyScéal,LSC22-AD06,AD,24.615384615384617,2,4,58.796,False,2022,0.6666666666666666
136,LifeSeeker,LSC22-AD06,AD,8.144796380090499,56,6,48.529,False,2022,0.0967741935483871
137,MEMENTO,LSC22-AD06,AD,4.395604395604396,10,2,23.653,False,2022,0.16666666666666666
138,FIRST,LSC22-AD06,AD,23.07692307692308,0,3,28.501,False,2022,1.0
139,Voxento,LSC22-AD06,AD,7.6923076923076925,0,1,30.666,False,2022,1.0
140,vitrivr,LSC22-AD06,AD,34.96503496503496,1,5,45.163,False,2022,0.8333333333333334
141,lifeXplore,LSC22-AD06,AD,39.56043956043956,2,6,54.969,False,2022,0.75
142,vitrivr-VR,LSC22-AD06,AD,0.0,2,0,,False,2022,0.0
143,MEMORIA,LSC22-AD06,AD,15.384615384615383,0,2,156.215,False,2022,1.0
144,MyScéal,LSC22-KIS09,KIS,95.3345,0,1,27.993,False,2022,1.0
145,LifeSeeker,LSC22-KIS09,KIS,97.88,0,1,12.72,False,2022,1.0
146,MEMENTO,LSC22-KIS09,KIS,96.90916666666666,0,1,18.545,False,2022,1.0
147,FIRST,LSC22-KIS09,KIS,96.00083333333332,0,1,23.995,False,2022,1.0
148,Voxento,LSC22-KIS09,KIS,96.91866666666668,0,1,18.488,False,2022,1.0
149,vitrivr,LSC22-KIS09,KIS,87.70883333333333,0,1,73.747,False,2022,1.0
150,lifeXplore,LSC22-KIS09,KIS,97.7035,0,1,13.779,False,2022,1.0
151,vitrivr-VR,LSC22-KIS09,KIS,96.42033333333332,0,1,21.478,False,2022,1.0
152,MEMORIA,LSC22-KIS09,KIS,0.0,11,0,,False,2022,0.0
153,MyScéal,LSC22-AD09,AD,29.605263157894736,0,45,16.76,False,2022,1.0
154,LifeSeeker,LSC22-AD09,AD,34.312613430127044,6,55,31.923,False,2022,0.9016393442622951
155,MEMENTO,LSC22-AD09,AD,42.10526315789474,18,72,25.753,False,2022,0.8
156,FIRST,LSC22-AD09,AD,7.578947368421052,1,12,31.928,False,2022,0.9230769230769231
157,Voxento,LSC22-AD09,AD,18.50328947368421,4,30,29.616,False,2022,0.8823529411764706
158,vitrivr,LSC22-AD09,AD,6.265664160401003,1,10,93.94,False,2022,0.9090909090909091
159,lifeXplore,LSC22-AD09,AD,14.68515037593985,6,25,77.595,False,2022,0.8064516129032258
160,vitrivr-VR,LSC22-AD09,AD,7.173174872665536,5,13,27.839,False,2022,0.7222222222222222
161,MEMORIA,LSC22-AD09,AD,1.0526315789473684,1,2,148.086,False,2022,0.6666666666666666
162,MyScéal,LSC220KIS10,KIS,70.20166666666667,0,1,178.79,False,2022,1.0
163,LifeSeeker,LSC220KIS10,KIS,66.38733333333333,1,1,200.476,False,2022,0.5
164,MEMENTO,LSC220KIS10,KIS,72.6155,1,1,163.107,False,2022,0.5
165,FIRST,LSC220KIS10,KIS,54.748666666666665,0,1,271.508,False,2022,1.0
166,Voxento,LSC220KIS10,KIS,0.0,2,0,,False,2022,0.0
167,vitrivr,LSC220KIS10,KIS,70.74783333333333,0,1,175.513,False,2022,1.0
168,lifeXplore,LSC220KIS10,KIS,0.0,1,0,,False,2022,0.0
169,vitrivr-VR,LSC220KIS10,KIS,0.0,0,0,,False,2022,0.0
170,MEMORIA,LSC220KIS10,KIS,0.0,0,0,,False,2022,0.0
171,MyScéal,LSC22-QA08,QA,91.53138888888888,0,1,30.487,False,2022,1.0
172,LifeSeeker,LSC22-QA08,QA,85.86861111111111,0,1,50.873,False,2022,1.0
173,MEMENTO,LSC22-QA08,QA,90.74055555555556,0,1,33.334,False,2022,1.0
174,FIRST,LSC22-QA08,QA,87.92833333333333,0,1,43.458,False,2022,1.0
175,Voxento,LSC22-QA08,QA,94.26527777777778,0,1,20.645,False,2022,1.0
176,vitrivr,LSC22-QA08,QA,88.30138888888888,0,1,42.115,False,2022,1.0
177,lifeXplore,LSC22-QA08,QA,52.57833333333334,0,1,170.718,False,2022,1.0
178,vitrivr-VR,LSC22-QA08,QA,60.42083333333333,0,1,142.485,False,2022,1.0
179,MEMORIA,LSC22-QA08,QA,72.71777777777778,0,1,98.216,False,2022,1.0
180,MyScéal,LSC22-AD10,AD,44.62817233916979,16,213,12.42,False,2022,0.9301310043668122
181,LifeSeeker,LSC22-AD10,AD,34.14158305462653,40,175,44.747,False,2022,0.813953488372093
182,MEMENTO,LSC22-AD10,AD,19.546129374337223,13,96,30.39,False,2022,0.8807339449541285
183,FIRST,LSC22-AD10,AD,30.799578843057105,256,223,25.163,False,2022,0.46555323590814196
184,Voxento,LSC22-AD10,AD,15.434782608695652,0,71,21.636,False,2022,1.0
185,vitrivr,LSC22-AD10,AD,12.248520710059172,31,69,56.626,False,2022,0.69
186,lifeXplore,LSC22-AD10,AD,30.552816375317494,5,143,21.328,False,2022,0.9662162162162162
187,vitrivr-VR,LSC22-AD10,AD,7.147690746066655,127,65,32.354,False,2022,0.3385416666666667
188,MEMORIA,LSC22-AD10,AD,1.4202898550724636,1,7,118.112,False,2022,0.875
189,MyScéal,LSC22-KIS11,KIS,88.13366666666667,0,1,71.198,False,2022,1.0
190,LifeSeeker,LSC22-KIS11,KIS,60.5865,1,1,235.281,False,2022,0.5
191,MEMENTO,LSC22-KIS11,KIS,70.82883333333334,1,1,173.827,False,2022,0.5
192,FIRST,LSC22-KIS11,KIS,81.03316666666666,0,1,113.801,False,2022,1.0
193,Voxento,LSC22-KIS11,KIS,71.04866666666666,0,1,173.708,False,2022,1.0
194,vitrivr,LSC22-KIS11,KIS,78.67383333333333,0,1,127.957,False,2022,1.0
195,lifeXplore,LSC22-KIS11,KIS,0.0,4,0,,False,2022,0.0
196,vitrivr-VR,LSC22-KIS11,KIS,84.11500000000001,0,1,95.31,False,2022,1.0
197,MEMORIA,LSC22-KIS11,KIS,0.0,1,0,,False,2022,0.0
198,MyScéal,LSC22-KIS08,KIS,85.8375,0,1,84.975,False,2022,1.0
199,LifeSeeker,LSC22-KIS08,KIS,93.40283333333332,0,1,39.583,False,2022,1.0
200,MEMENTO,LSC22-KIS08,KIS,56.9585,1,1,257.049,False,2022,0.5
201,FIRST,LSC22-KIS08,KIS,79.06916666666666,0,1,125.585,False,2022,1.0
202,Voxento,LSC22-KIS08,KIS,87.624,0,1,74.256,False,2022,1.0
203,vitrivr,LSC22-KIS08,KIS,85.09583333333333,1,1,88.225,False,2022,0.5
204,lifeXplore,LSC22-KIS08,KIS,84.96983333333333,0,1,90.181,False,2022,1.0
205,vitrivr-VR,LSC22-KIS08,KIS,70.298,0,1,178.212,False,2022,1.0
206,MEMORIA,LSC22-KIS08,KIS,0.0,0,0,,False,2022,0.0
207,MyScéal,LSC22-QA12,QA,91.45,0,1,30.78,False,2022,1.0
208,LifeSeeker,LSC22-QA12,QA,93.57305555555556,0,1,23.137,False,2022,1.0
209,MEMENTO,LSC22-QA12,QA,92.5375,0,1,26.865,False,2022,1.0
210,FIRST,LSC22-QA12,QA,86.58388888888888,0,1,48.298,False,2022,1.0
211,Voxento,LSC22-QA12,QA,94.53305555555556,0,1,19.681,False,2022,1.0
212,vitrivr,LSC22-QA12,QA,82.44972222222222,0,1,63.181,False,2022,1.0
213,lifeXplore,LSC22-QA12,QA,90.91194444444446,0,1,32.717,False,2022,1.0
214,vitrivr-VR,LSC22-QA12,QA,85.43166666666667,0,1,52.446,False,2022,1.0
215,MEMORIA,LSC22-QA12,QA,64.75444444444445,0,1,126.884,False,2022,1.0
216,MyScéal,LSC22-QA09,QA,96.42138888888888,0,1,12.883,False,2022,1.0
217,LifeSeeker,LSC22-QA09,QA,95.13555555555556,0,1,17.512,False,2022,1.0
218,MEMENTO,LSC22-QA09,QA,93.37694444444443,0,1,23.843,False,2022,1.0
219,FIRST,LSC22-QA09,QA,90.23666666666666,0,1,35.148,False,2022,1.0
220,Voxento,LSC22-QA09,QA,93.83888888888887,0,1,22.18,False,2022,1.0
221,vitrivr,LSC22-QA09,QA,85.05666666666667,0,1,53.796,False,2022,1.0
222,lifeXplore,LSC22-QA09,QA,75.42750000000001,0,1,88.461,False,2022,1.0
223,vitrivr-VR,LSC22-QA09,QA,93.30888888888887,0,1,24.088,False,2022,1.0
224,MEMORIA,LSC22-QA09,QA,0.0,0,0,,False,2022,0.0
0,MyEachtra,LSC23-KIS01,KIS,96.39716666666666,0,1,21.617,False,2023,1.0
1,Memento,LSC23-KIS01,KIS,94.24966666666666,0,1,34.502,False,2023,1.0
2,e-LifeSeeker,LSC23-KIS01,KIS,92.09416666666668,0,1,47.435,False,2023,1.0
3,LifeInsight,LSC23-KIS01,KIS,95.62233333333332,0,1,26.266,False,2023,1.0
4,lifeXplore,LSC23-KIS01,KIS,89.92066666666666,0,1,60.476,False,2023,1.0
5,2022 Baseline,LSC23-KIS01,KIS,96.63016666666668,0,1,20.219,False,2023,1.0
6,MemoriEase,LSC23-KIS01,KIS,95.979,0,1,24.126,False,2023,1.0
7,First,LSC23-KIS01,KIS,93.55933333333334,0,1,38.644,False,2023,1.0
8,LifeGraph,LSC23-KIS01,KIS,90.78933333333332,0,1,55.264,False,2023,1.0
9,LifeLens,LSC23-KIS01,KIS,94.71983333333333,0,1,31.681,False,2023,1.0
10,Vitrivr-Hybrid,LSC23-KIS01,KIS,96.30216666666666,0,1,22.187,False,2023,1.0
11,Memoria,LSC23-KIS01,KIS,90.461,0,1,57.234,False,2023,1.0
12,Voxento,LSC23-KIS01,KIS,96.13,0,1,23.22,False,2023,1.0
13,Memoria-MEO4J,LSC23-KIS01,KIS,91.32566666666666,0,1,52.046,False,2023,1.0
14,MyEachtra,LSC23-AD01,AD,16.05351170568562,2,12,17.561,False,2023,0.8571428571428571
15,Memento,LSC23-AD01,AD,39.86778540554284,1,28,35.379,False,2023,0.9655172413793104
16,e-LifeSeeker,LSC23-AD01,AD,13.489409141583051,4,11,20.639,False,2023,0.7333333333333333
17,LifeInsight,LSC23-AD01,AD,45.28006267136702,6,34,51.345,False,2023,0.85
18,lifeXplore,LSC23-AD01,AD,14.61352657004831,2,11,26.157,False,2023,0.8461538461538461
19,2022 Baseline,LSC23-AD01,AD,10.6280193236715,11,11,17.21,False,2023,0.5
20,MemoriEase,LSC23-AD01,AD,22.90562036055143,5,18,22.469,False,2023,0.782608695652174
21,First,LSC23-AD01,AD,5.260332796564681,13,7,44.652,False,2023,0.35
22,LifeGraph,LSC23-AD01,AD,1.9323671497584545,2,2,39.344,False,2023,0.5
23,LifeLens,LSC23-AD01,AD,6.521739130434782,4,6,18.16,False,2023,0.6
24,Vitrivr-Hybrid,LSC23-AD01,AD,8.695652173913043,0,6,21.367,False,2023,1.0
25,Memoria,LSC23-AD01,AD,15.942028985507246,0,11,75.79,False,2023,1.0
26,Voxento,LSC23-AD01,AD,14.492753623188406,0,10,40.738,False,2023,1.0
27,Memoria-MEO4J,LSC23-AD01,AD,0.4140786749482402,5,1,94.709,False,2023,0.16666666666666666
28,MyEachtra,LSC23-QA01,QA,92.81444444444443,0,1,25.868,False,2023,1.0
29,Memento,LSC23-QA01,QA,58.23472222222222,1,1,149.635,False,2023,0.5
30,e-LifeSeeker,LSC23-QA01,QA,91.91694444444444,0,1,29.099,False,2023,1.0
31,LifeInsight,LSC23-QA01,QA,84.25833333333333,0,1,56.67,False,2023,1.0
32,lifeXplore,LSC23-QA01,QA,88.2325,0,1,42.363,False,2023,1.0
33,2022 Baseline,LSC23-QA01,QA,86.0338888888889,0,1,50.278,False,2023,1.0
34,MemoriEase,LSC23-QA01,QA,81.78277777777778,0,1,65.582,False,2023,1.0
35,First,LSC23-QA01,QA,84.97361111111111,0,1,54.095,False,2023,1.0
36,LifeGraph,LSC23-QA01,QA,78.8761111111111,0,1,76.046,False,2023,1.0
37,LifeLens,LSC23-QA01,QA,83.84583333333333,0,1,58.155,False,2023,1.0
38,Vitrivr-Hybrid,LSC23-QA01,QA,83.2688888888889,0,1,60.232,False,2023,1.0
39,Memoria,LSC23-QA01,QA,83.065,0,1,60.966,False,2023,1.0
40,Voxento,LSC23-QA01,QA,87.39638888888888,0,1,45.373,False,2023,1.0
41,Memoria-MEO4J,LSC23-QA01,QA,88.1886111111111,0,1,42.521,False,2023,1.0
42,MyEachtra,LSC23-KIS02,KIS,96.422,0,1,21.468,False,2023,1.0
43,Memento,LSC23-KIS02,KIS,91.43866666666666,1,1,50.168,False,2023,0.5
44,e-LifeSeeker,LSC23-KIS02,KIS,95.60933333333332,0,1,26.344,False,2023,1.0
45,LifeInsight,LSC23-KIS02,KIS,96.60966666666668,0,1,20.342,False,2023,1.0
46,lifeXplore,LSC23-KIS02,KIS,96.99216666666666,0,1,18.047,False,2023,1.0
47,2022 Baseline,LSC23-KIS02,KIS,95.55266666666668,0,1,26.684,False,2023,1.0
48,MemoriEase,LSC23-KIS02,KIS,97.34766666666668,0,1,15.914,False,2023,1.0
49,First,LSC23-KIS02,KIS,95.26983333333334,0,1,28.381,False,2023,1.0
50,LifeGraph,LSC23-KIS02,KIS,88.67916666666667,0,1,67.925,False,2023,1.0
51,LifeLens,LSC23-KIS02,KIS,84.781,0,1,91.314,False,2023,1.0
52,Vitrivr-Hybrid,LSC23-KIS02,KIS,91.13033333333334,0,1,53.218,False,2023,1.0
53,Memoria,LSC23-KIS02,KIS,91.008,0,1,53.952,False,2023,1.0
54,Voxento,LSC23-KIS02,KIS,96.39166666666668,0,1,21.65,False,2023,1.0
55,Memoria-MEO4J,LSC23-KIS02,KIS,91.70283333333332,0,1,49.783,False,2023,1.0
56,MyEachtra,LSC23-AD02,AD,11.764705882352942,3,3,23.681,False,2023,0.5
57,Memento,LSC23-AD02,AD,0.0,6,0,,False,2023,0.0
58,e-LifeSeeker,LSC23-AD02,AD,39.54248366013072,14,11,26.636,False,2023,0.44
59,LifeInsight,LSC23-AD02,AD,6.722689075630252,20,4,39.398,False,2023,0.16666666666666666
60,lifeXplore,LSC23-AD02,AD,7.843137254901961,2,2,19.911,False,2023,0.5
61,2022 Baseline,LSC23-AD02,AD,13.235294117647058,2,3,15.627,False,2023,0.6
62,MemoriEase,LSC23-AD02,AD,18.823529411764707,2,4,20.866,False,2023,0.6666666666666666
63,First,LSC23-AD02,AD,19.607843137254903,5,5,90.377,False,2023,0.5
64,LifeGraph,LSC23-AD02,AD,0.0,0,0,,False,2023,0.0
65,LifeLens,LSC23-AD02,AD,16.33986928104575,8,5,23.017,False,2023,0.38461538461538464
66,Vitrivr-Hybrid,LSC23-AD02,AD,0.0,7,0,,False,2023,0.0
67,Memoria,LSC23-AD02,AD,0.0,0,0,,False,2023,0.0
68,Voxento,LSC23-AD02,AD,0.0,19,0,,False,2023,0.0
69,Memoria-MEO4J,LSC23-AD02,AD,1.30718954248366,7,1,163.003,False,2023,0.125
70,MyEachtra,LSC23-QA02,QA,90.3975,0,1,34.569,False,2023,1.0
71,Memento,LSC23-QA02,QA,70.84833333333333,0,1,104.946,False,2023,1.0
72,e-LifeSeeker,LSC23-QA02,QA,18.263333333333343,1,1,180.0,False,2023,0.5
73,LifeInsight,LSC23-QA02,QA,0.0,1,0,,False,2023,0.0
74,lifeXplore,LSC23-QA02,QA,0.0,3,0,,False,2023,0.0
75,2022 Baseline,LSC23-QA02,QA,0.0,3,0,,False,2023,0.0
76,MemoriEase,LSC23-QA02,QA,75.99166666666667,0,1,86.43,False,2023,1.0
77,First,LSC23-QA02,QA,0.0,1,0,,False,2023,0.0
78,LifeGraph,LSC23-QA02,QA,31.329722222222223,3,1,180.0,False,2023,0.25
79,LifeLens,LSC23-QA02,QA,32.596111111111114,0,1,180.0,False,2023,1.0
80,Vitrivr-Hybrid,LSC23-QA02,QA,0.0,3,0,,False,2023,0.0
81,Memoria,LSC23-QA02,QA,0.0,1,0,,False,2023,0.0
82,Voxento,LSC23-QA02,QA,21.53138888888888,0,1,180.0,False,2023,1.0
83,Memoria-MEO4J,LSC23-QA02,QA,0.0,0,0,,False,2023,0.0
84,MyEachtra,LSC23-KIS03,KIS,55.55116666666667,1,1,265.493,False,2023,0.5
85,Memento,LSC23-KIS03,KIS,0.0,3,0,,False,2023,0.0
86,e-LifeSeeker,LSC23-KIS03,KIS,80.0365,1,1,118.581,False,2023,0.5
87,LifeInsight,LSC23-KIS03,KIS,53.15350000000001,2,1,278.679,False,2023,0.3333333333333333
88,lifeXplore,LSC23-KIS03,KIS,68.93783333333334,0,1,186.373,False,2023,1.0
89,2022 Baseline,LSC23-KIS03,KIS,75.23066666666666,2,1,146.216,False,2023,0.3333333333333333
90,MemoriEase,LSC23-KIS03,KIS,0.0,4,0,,False,2023,0.0
91,First,LSC23-KIS03,KIS,88.7695,0,1,67.383,False,2023,1.0
92,LifeGraph,LSC23-KIS03,KIS,89.14933333333335,0,1,65.104,False,2023,1.0
93,LifeLens,LSC23-KIS03,KIS,62.95883333333334,3,1,218.647,False,2023,0.25
94,Vitrivr-Hybrid,LSC23-KIS03,KIS,0.0,0,0,,False,2023,0.0
95,Memoria,LSC23-KIS03,KIS,85.67716666666666,0,1,85.937,False,2023,1.0
96,Voxento,LSC23-KIS03,KIS,0.0,1,0,,False,2023,0.0
97,Memoria-MEO4J,LSC23-KIS03,KIS,89.28,0,1,64.32,False,2023,1.0
98,MyEachtra,LSC23-AD03,AD,50.5050505050505,1,5,14.475,False,2023,0.8333333333333334
99,Memento,LSC23-AD03,AD,44.44444444444444,6,6,23.549,False,2023,0.5
100,e-LifeSeeker,LSC23-AD03,AD,29.629629629629637,4,4,35.792,False,2023,0.5
101,LifeInsight,LSC23-AD03,AD,32.6797385620915,7,5,122.213,False,2023,0.4166666666666667
102,lifeXplore,LSC23-AD03,AD,66.66666666666667,0,6,19.123,False,2023,1.0
103,2022 Baseline,LSC23-AD03,AD,46.29629629629629,2,5,16.266,False,2023,0.7142857142857143
104,MemoriEase,LSC23-AD03,AD,29.629629629629637,4,4,55.009,False,2023,0.5
105,First,LSC23-AD03,AD,55.55555555555556,0,5,46.215,False,2023,1.0
106,LifeGraph,LSC23-AD03,AD,46.29629629629629,2,5,37.707,False,2023,0.7142857142857143
107,LifeLens,LSC23-AD03,AD,39.50617283950617,1,4,29.694,False,2023,0.8
108,Vitrivr-Hybrid,LSC23-AD03,AD,55.55555555555556,0,5,31.473,False,2023,1.0
109,Memoria,LSC23-AD03,AD,0.0,0,0,,False,2023,0.0
110,Voxento,LSC23-AD03,AD,35.55555555555556,2,4,23.823,False,2023,0.6666666666666666
111,Memoria-MEO4J,LSC23-AD03,AD,0.0,2,0,,False,2023,0.0
112,MyEachtra,LSC23-QA03,QA,65.31388888888888,1,1,124.15,False,2023,0.5
113,Memento,LSC23-QA03,QA,80.63055555555556,0,1,69.73,False,2023,1.0
114,e-LifeSeeker,LSC23-QA03,QA,52.22388888888889,2,1,170.554,False,2023,0.3333333333333333
115,LifeInsight,LSC23-QA03,QA,62.99,0,1,133.236,False,2023,1.0
116,lifeXplore,LSC23-QA03,QA,84.94166666666666,0,1,54.21,False,2023,1.0
117,2022 Baseline,LSC23-QA03,QA,51.57083333333333,1,1,173.625,False,2023,0.5
118,MemoriEase,LSC23-QA03,QA,86.68805555555556,0,1,47.923,False,2023,1.0
119,First,LSC23-QA03,QA,41.62083333333334,0,1,180.0,False,2023,1.0
120,LifeGraph,LSC23-QA03,QA,67.90472222222222,0,1,115.543,False,2023,1.0
121,LifeLens,LSC23-QA03,QA,34.983333333333334,0,1,180.0,False,2023,1.0
122,Vitrivr-Hybrid,LSC23-QA03,QA,61.29333333333334,0,1,139.344,False,2023,1.0
123,Memoria,LSC23-QA03,QA,51.82861111111112,2,1,171.977,False,2023,0.3333333333333333
124,Voxento,LSC23-QA03,QA,51.32277777777777,1,1,174.518,False,2023,0.5
125,Memoria-MEO4J,LSC23-QA03,QA,44.583333333333336,2,1,180.0,False,2023,0.3333333333333333
126,MyEachtra,LSC23-KIS04,KIS,97.74566666666666,0,1,13.526,False,2023,1.0
127,Memento,LSC23-KIS04,KIS,81.35116666666666,2,1,109.493,False,2023,0.3333333333333333
128,e-LifeSeeker,LSC23-KIS04,KIS,87.83666666666667,2,1,70.58,False,2023,0.3333333333333333
129,LifeInsight,LSC23-KIS04,KIS,85.89816666666667,0,1,84.611,False,2023,1.0
130,lifeXplore,LSC23-KIS04,KIS,97.43233333333332,0,1,15.406,False,2023,1.0
131,2022 Baseline,LSC23-KIS04,KIS,97.64433333333334,0,1,14.134,False,2023,1.0
132,MemoriEase,LSC23-KIS04,KIS,94.12983333333334,0,1,35.221,False,2023,1.0
133,First,LSC23-KIS04,KIS,77.923,0,1,132.462,False,2023,1.0
134,LifeGraph,LSC23-KIS04,KIS,86.0775,0,1,83.535,False,2023,1.0
135,LifeLens,LSC23-KIS04,KIS,75.39533333333333,2,1,145.228,False,2023,0.3333333333333333
136,Vitrivr-Hybrid,LSC23-KIS04,KIS,75.17666666666666,1,1,147.74,False,2023,0.5
137,Memoria,LSC23-KIS04,KIS,70.217,0,1,178.698,False,2023,1.0
138,Voxento,LSC23-KIS04,KIS,0.0,1,0,,False,2023,0.0
139,Memoria-MEO4J,LSC23-KIS04,KIS,82.4875,1,1,103.875,False,2023,0.5
140,MyEachtra,LSC23-AD04,AD,18.212576896787425,6,73,15.203,False,2023,0.9240506329113924
141,Memento,LSC23-AD04,AD,22.50156260851448,7,90,23.052,False,2023,0.9278350515463918
142,e-LifeSeeker,LSC23-AD04,AD,13.766233766233766,0,53,16.259,False,2023,1.0
143,LifeInsight,LSC23-AD04,AD,14.549932825794894,2,57,21.053,False,2023,0.9661016949152542
144,lifeXplore,LSC23-AD04,AD,13.006253006253004,4,52,32.673,False,2023,0.9285714285714286
145,2022 Baseline,LSC23-AD04,AD,20.28756957328386,6,81,20.193,False,2023,0.9310344827586207
146,MemoriEase,LSC23-AD04,AD,21.13950565563469,12,87,12.976,False,2023,0.8787878787878788
147,First,LSC23-AD04,AD,8.34054834054834,4,34,37.093,False,2023,0.8947368421052632
148,LifeGraph,LSC23-AD04,AD,20.409052025818493,5,81,30.259,False,2023,0.9418604651162791
149,LifeLens,LSC23-AD04,AD,11.04045379907449,1,43,35.397,False,2023,0.9772727272727273
150,Vitrivr-Hybrid,LSC23-AD04,AD,21.13950565563469,12,87,17.589,False,2023,0.8787878787878788
151,Memoria,LSC23-AD04,AD,14.030612244897958,2,55,37.093,False,2023,0.9649122807017544
152,Voxento,LSC23-AD04,AD,10.476190476190476,8,44,26.292,False,2023,0.8461538461538461
153,Memoria-MEO4J,LSC23-AD04,AD,9.923258559622196,6,41,17.586,False,2023,0.8723404255319149
154,MyEachtra,LSC23-QA04,QA,82.86833333333334,0,1,61.674,False,2023,1.0
155,Memento,LSC23-QA04,QA,78.75083333333333,0,1,76.497,False,2023,1.0
156,e-LifeSeeker,LSC23-QA04,QA,82.06694444444445,0,1,64.559,False,2023,1.0
157,LifeInsight,LSC23-QA04,QA,64.50166666666667,0,1,127.794,False,2023,1.0
158,lifeXplore,LSC23-QA04,QA,45.129444444444445,1,1,180.0,False,2023,0.5
159,2022 Baseline,LSC23-QA04,QA,82.67527777777778,0,1,62.369,False,2023,1.0
160,MemoriEase,LSC23-QA04,QA,50.84166666666666,3,1,174.81,False,2023,0.25
161,First,LSC23-QA04,QA,82.13805555555555,0,1,64.303,False,2023,1.0
162,LifeGraph,LSC23-QA04,QA,80.06444444444445,0,1,71.768,False,2023,1.0
163,LifeLens,LSC23-QA04,QA,40.30611111111111,0,1,180.0,False,2023,1.0
164,Vitrivr-Hybrid,LSC23-QA04,QA,79.25916666666667,0,1,74.667,False,2023,1.0
165,Memoria,LSC23-QA04,QA,67.42944444444444,0,1,117.254,False,2023,1.0
166,Voxento,LSC23-QA04,QA,70.78555555555556,0,1,105.172,False,2023,1.0
167,Memoria-MEO4J,LSC23-QA04,QA,87.3736111111111,0,1,45.455,False,2023,1.0
168,MyEachtra,LSC23-KIS05,KIS,87.45733333333334,0,1,75.256,False,2023,1.0
169,Memento,LSC23-KIS05,KIS,72.33083333333333,1,1,164.815,False,2023,0.5
170,e-LifeSeeker,LSC23-KIS05,KIS,0.0,2,0,,False,2023,0.0
171,LifeInsight,LSC23-KIS05,KIS,74.2905,0,1,154.257,False,2023,1.0
172,lifeXplore,LSC23-KIS05,KIS,86.22866666666667,0,1,82.628,False,2023,1.0
173,2022 Baseline,LSC23-KIS05,KIS,97.0085,0,1,17.949,False,2023,1.0
174,MemoriEase,LSC23-KIS05,KIS,0.0,4,0,,False,2023,0.0
175,First,LSC23-KIS05,KIS,0.0,1,0,,False,2023,0.0
176,LifeGraph,LSC23-KIS05,KIS,0.0,2,0,,False,2023,0.0
177,LifeLens,LSC23-KIS05,KIS,0.0,0,0,,False,2023,0.0
178,Vitrivr-Hybrid,LSC23-KIS05,KIS,0.0,6,0,,False,2023,0.0
179,Memoria,LSC23-KIS05,KIS,68.91766666666666,0,1,186.494,False,2023,1.0
180,Voxento,LSC23-KIS05,KIS,60.33166666666666,0,1,238.01,False,2023,1.0
181,Memoria-MEO4J,LSC23-KIS05,KIS,75.646,1,1,144.924,False,2023,0.5
182,MyEachtra,LSC23-AD05,AD,11.297153700189751,3,61,11.984,False,2023,0.953125
183,Memento,LSC23-AD05,AD,20.257580039565585,11,112,25.75,False,2023,0.9105691056910569
184,e-LifeSeeker,LSC23-AD05,AD,10.590883014871364,9,60,21.906,False,2023,0.8695652173913043
185,LifeInsight,LSC23-AD05,AD,17.866004962779154,17,102,31.831,False,2023,0.8571428571428571
186,lifeXplore,LSC23-AD05,AD,24.183596289858148,16,135,18.604,False,2023,0.8940397350993378
187,2022 Baseline,LSC23-AD05,AD,24.60079874502497,9,134,14.501,False,2023,0.9370629370629371
188,MemoriEase,LSC23-AD05,AD,2.550637659414853,9,17,16.377,False,2023,0.6538461538461539
189,First,LSC23-AD05,AD,2.5114410090411874,4,15,48.17,False,2023,0.7894736842105263
190,LifeGraph,LSC23-AD05,AD,12.526509655095436,2,67,40.74,False,2023,0.9710144927536232
191,LifeLens,LSC23-AD05,AD,10.917872880957235,3,59,25.514,False,2023,0.9516129032258065
192,Vitrivr-Hybrid,LSC23-AD05,AD,8.489158269007572,7,48,20.071,False,2023,0.8727272727272727
193,Memoria,LSC23-AD05,AD,14.900874262232104,3,80,27.15,False,2023,0.963855421686747
194,Voxento,LSC23-AD05,AD,13.25916060673919,11,75,19.91,False,2023,0.872093023255814
195,Memoria-MEO4J,LSC23-AD05,AD,11.514512615081877,7,64,27.675,False,2023,0.9014084507042254
196,MyEachtra,LSC23-QA05,QA,0.0,0,0,,False,2023,0.0
197,Memento,LSC23-QA05,QA,0.0,0,0,,False,2023,0.0
198,e-LifeSeeker,LSC23-QA05,QA,17.188055555555557,0,1,180.0,False,2023,1.0
199,LifeInsight,LSC23-QA05,QA,0.0,0,0,,False,2023,0.0
200,lifeXplore,LSC23-QA05,QA,0.0,0,0,,False,2023,0.0
201,2022 Baseline,LSC23-QA05,QA,0.0,2,0,,False,2023,0.0
202,MemoriEase,LSC23-QA05,QA,0.0,1,0,,False,2023,0.0
203,First,LSC23-QA05,QA,45.84944444444445,0,1,180.0,False,2023,1.0
204,LifeGraph,LSC23-QA05,QA,0.0,0,0,,False,2023,0.0
205,LifeLens,LSC23-QA05,QA,0.0,0,0,,False,2023,0.0
206,Vitrivr-Hybrid,LSC23-QA05,QA,0.0,1,0,,False,2023,0.0
207,Memoria,LSC23-QA05,QA,0.0,1,0,,False,2023,0.0
208,Voxento,LSC23-QA05,QA,0.0,0,0,,False,2023,0.0
209,Memoria-MEO4J,LSC23-QA05,QA,0.0,0,0,,False,2023,0.0
210,MyEachtra,LSC23-KIS06,KIS,97.51216666666669,0,1,14.927,False,2023,1.0
211,Memento,LSC23-KIS06,KIS,95.4475,0,1,27.315,False,2023,1.0
212,e-LifeSeeker,LSC23-KIS06,KIS,94.73566666666666,1,1,30.386,False,2023,0.5
213,LifeInsight,LSC23-KIS06,KIS,96.858,1,1,17.652,False,2023,0.5
214,lifeXplore,LSC23-KIS06,KIS,97.46716666666666,0,1,15.197,False,2023,1.0
215,2022 Baseline,LSC23-KIS06,KIS,96.9205,0,1,18.477,False,2023,1.0
216,MemoriEase,LSC23-KIS06,KIS,97.23666666666666,0,1,16.58,False,2023,1.0
217,First,LSC23-KIS06,KIS,96.37066666666666,0,1,21.776,False,2023,1.0
218,LifeGraph,LSC23-KIS06,KIS,94.18766666666669,0,1,34.874,False,2023,1.0
219,LifeLens,LSC23-KIS06,KIS,95.75783333333334,0,1,25.453,False,2023,1.0
220,Vitrivr-Hybrid,LSC23-KIS06,KIS,96.729,0,1,19.626,False,2023,1.0
221,Memoria,LSC23-KIS06,KIS,95.438,0,1,27.372,False,2023,1.0
222,Voxento,LSC23-KIS06,KIS,89.13449999999999,1,1,63.993,False,2023,0.5
223,Memoria-MEO4J,LSC23-KIS06,KIS,97.22516666666668,0,1,16.649,False,2023,1.0
224,MyEachtra,LSC23-AD06,AD,62.52955082742317,1,23,25.854,False,2023,0.9583333333333334
225,Memento,LSC23-AD06,AD,43.39339339339339,3,17,23.464,False,2023,0.85
226,e-LifeSeeker,LSC23-AD06,AD,57.21040189125296,3,22,17.193,False,2023,0.88
227,LifeInsight,LSC23-AD06,AD,40.322580645161295,1,15,19.491,False,2023,0.9375
228,lifeXplore,LSC23-AD06,AD,51.67958656330749,3,20,38.321,False,2023,0.8695652173913043
229,2022 Baseline,LSC23-AD06,AD,16.666666666666668,0,6,16.717,False,2023,1.0
230,MemoriEase,LSC23-AD06,AD,22.22222222222222,0,8,15.885,False,2023,1.0
231,First,LSC23-AD06,AD,15.384615384615383,1,6,51.841,False,2023,0.8571428571428571
232,LifeGraph,LSC23-AD06,AD,21.428571428571427,3,9,23.178,False,2023,0.75
233,LifeLens,LSC23-AD06,AD,50.138888888888886,2,19,29.656,False,2023,0.9047619047619048
234,Vitrivr-Hybrid,LSC23-AD06,AD,31.296296296296298,4,13,25.404,False,2023,0.7647058823529411
235,Memoria,LSC23-AD06,AD,11.11111111111111,0,4,31.861,False,2023,1.0
236,Voxento,LSC23-AD06,AD,19.444444444444443,0,7,19.042,False,2023,1.0
237,Memoria-MEO4J,LSC23-AD06,AD,2.7777777777777777,4,2,13.984,False,2023,0.3333333333333333
238,MyEachtra,LSC23-QA06,QA,85.92472222222221,0,1,50.671,False,2023,1.0
239,Memento,LSC23-QA06,QA,84.75888888888889,0,1,54.868,False,2023,1.0
240,e-LifeSeeker,LSC23-QA06,QA,83.46333333333334,0,1,59.532,False,2023,1.0
241,LifeInsight,LSC23-QA06,QA,84.72749999999999,0,1,54.981,False,2023,1.0
242,lifeXplore,LSC23-QA06,QA,0.0,1,0,,False,2023,0.0
243,2022 Baseline,LSC23-QA06,QA,79.48555555555555,1,1,73.132,False,2023,0.5
244,MemoriEase,LSC23-QA06,QA,82.73416666666667,0,1,62.157,False,2023,1.0
245,First,LSC23-QA06,QA,0.0,2,0,,False,2023,0.0
246,LifeGraph,LSC23-QA06,QA,0.0,0,0,,False,2023,0.0
247,LifeLens,LSC23-QA06,QA,0.0,0,0,,False,2023,0.0
248,Vitrivr-Hybrid,LSC23-QA06,QA,22.771944444444447,1,1,180.0,False,2023,0.5
249,Memoria,LSC23-QA06,QA,69.91166666666666,0,1,108.318,False,2023,1.0
250,Voxento,LSC23-QA06,QA,0.0,2,0,,False,2023,0.0
251,Memoria-MEO4J,LSC23-QA06,QA,0.0,0,0,,False,2023,0.0
0,PraK1,LSC24-KISJ07,KIS,80.67349999999999,0,1,115.959,True,2024,1.0
1,LIFEXPLORE1,LSC24-KISJ07,KIS,0.0,0,0,,True,2024,0.0
2,Libro1,LSC24-KISJ07,KIS,0.0,4,0,,True,2024,0.0
3,Voxento,LSC24-KISJ07,KIS,73.2665,0,1,160.401,True,2024,1.0
4,EAGLE1,LSC24-KISJ07,KIS,0.0,1,0,,True,2024,0.0
5,Memento,LSC24-KISJ07,KIS,0.0,1,0,,True,2024,0.0
6,VitaChronicle1,LSC24-KISJ07,KIS,0.0,0,0,,True,2024,0.0
7,Exquisitor,LSC24-KISJ07,KIS,0.0,0,0,,True,2024,0.0
8,LifeLens1,LSC24-KISJ07,KIS,0.0,2,0,,True,2024,0.0
9,LifeSeeker1,LSC24-KISJ07,KIS,0.0,2,0,,True,2024,0.0
10,VISIONE1,LSC24-KISJ07,KIS,0.0,0,0,,True,2024,0.0
11,LifeInsight,LSC24-KISJ07,KIS,51.180166666666665,1,1,232.919,True,2024,0.5
12,CollaXRSearch1,LSC24-KISJ07,KIS,0.0,4,0,,True,2024,0.0
13,MemoriEase,LSC24-KISJ07,KIS,0.0,3,0,,True,2024,0.0
14,vitrivr,LSC24-KISJ07,KIS,0.0,0,0,,True,2024,0.0
15,MyEachtra,LSC24-KISJ07,KIS,89.39466666666667,0,2,63.632,True,2024,1.0
16,Lifegraph,LSC24-KISJ07,KIS,0.0,3,0,,True,2024,0.0
17,SnapSeek1,LSC24-KISJ07,KIS,0.0,3,0,,True,2024,0.0
18,Retrospect1,LSC24-KISJ07,KIS,0.0,1,0,,True,2024,0.0
19,vitrivr-VR,LSC24-KISJ07,KIS,0.0,0,0,,True,2024,0.0
20,PraK1,LSC24-AD09,AD,129.33949215793731,182,704,43.718,True,2024,0.7945823927765236
21,LIFEXPLORE1,LSC24-AD09,AD,14.119409866297833,4,70,19.98,True,2024,0.9459459459459459
22,Libro1,LSC24-AD09,AD,45.981577940613874,64,250,50.177,True,2024,0.7961783439490446
23,Voxento,LSC24-AD09,AD,11.100536754349234,1,54,52.759,True,2024,0.9818181818181818
24,EAGLE1,LSC24-AD09,AD,5.5390897714549165,5,29,48.008,True,2024,0.8529411764705882
25,Memento,LSC24-AD09,AD,9.97446536865624,4,50,33.241,True,2024,0.9259259259259259
26,VitaChronicle1,LSC24-AD09,AD,0.8298755186721992,0,4,171.361,True,2024,1.0
27,Exquisitor,LSC24-AD09,AD,0.0,0,0,,True,2024,0.0
28,LifeLens1,LSC24-AD09,AD,11.561803144494313,19,64,61.412,True,2024,0.7710843373493976
29,LifeSeeker1,LSC24-AD09,AD,6.570795202637413,5,34,30.685,True,2024,0.8717948717948718
30,VISIONE1,LSC24-AD09,AD,7.267018055399798,2,36,38.146,True,2024,0.9473684210526315
31,LifeInsight,LSC24-AD09,AD,14.231859123570487,14,75,90.827,True,2024,0.8426966292134831
32,CollaXRSearch1,LSC24-AD09,AD,3.7448132780082983,2,19,93.303,True,2024,0.9047619047619048
33,MemoriEase,LSC24-AD09,AD,6.230549792531121,2,31,33.321,True,2024,0.9393939393939394
34,vitrivr,LSC24-AD09,AD,7.31673582295989,28,46,31.642,True,2024,0.6216216216216216
35,MyEachtra,LSC24-AD09,AD,14.022034625840606,5,70,64.566,True,2024,0.9333333333333333
36,Lifegraph,LSC24-AD09,AD,5.927682276229994,3,30,39.779,True,2024,0.9090909090909091
37,SnapSeek1,LSC24-AD09,AD,13.097600577304709,6,66,28.578,True,2024,0.9166666666666666
38,Retrospect1,LSC24-AD09,AD,0.2667457024303497,8,3,116.739,True,2024,0.2727272727272727
39,vitrivr-VR,LSC24-AD09,AD,0.0,5,0,,True,2024,0.0
40,PraK1,LSC24-QA11,QA,68.505,0,1,188.97,True,2024,1.0
41,LIFEXPLORE1,LSC24-QA11,QA,90.48233333333332,0,1,57.106,True,2024,1.0
42,Libro1,LSC24-QA11,QA,85.18483333333333,2,1,88.891,True,2024,0.3333333333333333
43,Voxento,LSC24-QA11,QA,79.2445,0,1,124.533,True,2024,1.0
44,EAGLE1,LSC24-QA11,QA,84.12716666666667,0,2,95.237,True,2024,1.0
45,Memento,LSC24-QA11,QA,69.608,0,1,182.352,True,2024,1.0
46,VitaChronicle1,LSC24-QA11,QA,64.00883333333334,1,1,155.947,True,2024,0.5
47,Exquisitor,LSC24-QA11,QA,69.64216666666667,0,1,182.147,True,2024,1.0
48,LifeLens1,LSC24-QA11,QA,87.82433333333333,2,1,73.054,True,2024,0.3333333333333333
49,LifeSeeker1,LSC24-QA11,QA,53.78,2,1,217.32,True,2024,0.3333333333333333
50,VISIONE1,LSC24-QA11,QA,65.76416666666667,0,1,205.415,True,2024,1.0
51,LifeInsight,LSC24-QA11,QA,0.0,2,0,,True,2024,0.0
52,CollaXRSearch1,LSC24-QA11,QA,40.12833333333333,3,1,239.23,True,2024,0.25
53,MemoriEase,LSC24-QA11,QA,0.0,1,0,,True,2024,0.0
54,vitrivr,LSC24-QA11,QA,0.0,0,0,,True,2024,0.0
55,MyEachtra,LSC24-QA11,QA,50.1955,1,1,238.827,True,2024,0.5
56,Lifegraph,LSC24-QA11,QA,39.88199999999999,1,1,300.0,True,2024,0.5
57,SnapSeek1,LSC24-QA11,QA,51.08333333333333,0,1,293.5,True,2024,1.0
58,Retrospect1,LSC24-QA11,QA,85.5025,0,1,86.985,True,2024,1.0
59,vitrivr-VR,LSC24-QA11,QA,0.0,0,0,,True,2024,0.0
60,PraK1,LSC24-KISJ08,KIS,87.35416666666666,0,1,75.875,True,2024,1.0
61,LIFEXPLORE1,LSC24-KISJ08,KIS,69.336,0,1,183.984,True,2024,1.0
62,Libro1,LSC24-KISJ08,KIS,86.61616666666666,0,1,80.303,True,2024,1.0
63,Voxento,LSC24-KISJ08,KIS,80.55116666666666,0,1,116.693,True,2024,1.0
64,EAGLE1,LSC24-KISJ08,KIS,94.20116666666668,0,1,34.793,True,2024,1.0
65,Memento,LSC24-KISJ08,KIS,87.66233333333332,0,1,74.026,True,2024,1.0
66,VitaChronicle1,LSC24-KISJ08,KIS,93.008,0,1,41.952,True,2024,1.0
67,Exquisitor,LSC24-KISJ08,KIS,86.55033333333333,0,1,80.698,True,2024,1.0
68,LifeLens1,LSC24-KISJ08,KIS,89.39783333333332,0,1,63.613,True,2024,1.0
69,LifeSeeker1,LSC24-KISJ08,KIS,78.1185,0,1,131.289,True,2024,1.0
70,VISIONE1,LSC24-KISJ08,KIS,62.47416666666666,0,1,225.155,True,2024,1.0
71,LifeInsight,LSC24-KISJ08,KIS,90.39716666666666,0,1,57.617,True,2024,1.0
72,CollaXRSearch1,LSC24-KISJ08,KIS,88.5,0,1,69.0,True,2024,1.0
73,MemoriEase,LSC24-KISJ08,KIS,0.0,1,0,,True,2024,0.0
74,vitrivr,LSC24-KISJ08,KIS,86.49216666666666,0,1,81.047,True,2024,1.0
75,MyEachtra,LSC24-KISJ08,KIS,57.31333333333333,1,1,196.12,True,2024,0.5
76,Lifegraph,LSC24-KISJ08,KIS,91.137,0,1,53.178,True,2024,1.0
77,SnapSeek1,LSC24-KISJ08,KIS,87.42583333333334,0,1,75.445,True,2024,1.0
78,Retrospect1,LSC24-KISJ08,KIS,86.9285,0,1,78.429,True,2024,1.0
79,vitrivr-VR,LSC24-KISJ08,KIS,74.15216666666667,0,1,155.087,True,2024,1.0
80,PraK1,LSC24-QA12,QA,22.104000000000006,3,1,287.376,True,2024,0.25
81,LIFEXPLORE1,LSC24-QA12,QA,74.71366666666667,0,1,151.718,True,2024,1.0
82,Libro1,LSC24-QA12,QA,75.85616666666667,0,1,144.863,True,2024,1.0
83,Voxento,LSC24-QA12,QA,50.51466666666667,2,1,176.912,True,2024,0.3333333333333333
84,EAGLE1,LSC24-QA12,QA,79.91466666666668,0,1,120.512,True,2024,1.0
85,Memento,LSC24-QA12,QA,79.44233333333332,0,1,123.346,True,2024,1.0
86,VitaChronicle1,LSC24-QA12,QA,73.7165,0,1,157.701,True,2024,1.0
87,Exquisitor,LSC24-QA12,QA,77.62833333333333,0,1,134.23,True,2024,1.0
88,LifeLens1,LSC24-QA12,QA,73.1585,0,1,161.049,True,2024,1.0
89,LifeSeeker1,LSC24-QA12,QA,30.721333333333327,2,1,295.672,True,2024,0.3333333333333333
90,VISIONE1,LSC24-QA12,QA,78.57166666666667,0,1,128.57,True,2024,1.0
91,LifeInsight,LSC24-QA12,QA,0.0,3,0,,True,2024,0.0
92,CollaXRSearch1,LSC24-QA12,QA,0.0,0,0,,True,2024,0.0
93,MemoriEase,LSC24-QA12,QA,71.631,0,1,170.214,True,2024,1.0
94,vitrivr,LSC24-QA12,QA,39.8865,1,1,300.0,True,2024,0.5
95,MyEachtra,LSC24-QA12,QA,42.066833333333335,1,1,287.599,True,2024,0.5
96,Lifegraph,LSC24-QA12,QA,48.0625,1,1,251.625,True,2024,0.5
97,SnapSeek1,LSC24-QA12,QA,34.89483333333334,2,1,270.631,True,2024,0.3333333333333333
98,Retrospect1,LSC24-QA12,QA,71.57916666666667,0,1,170.525,True,2024,1.0
99,vitrivr-VR,LSC24-QA12,QA,0.0,0,0,,True,2024,0.0
100,PraK1,LSC24-AD10,AD,45.05747126436781,1,14,34.978,True,2024,0.9333333333333333
101,LIFEXPLORE1,LSC24-AD10,AD,58.37837837837837,1,18,20.446,True,2024,0.9473684210526315
102,Libro1,LSC24-AD10,AD,72.68817204301077,10,26,36.739,True,2024,0.7222222222222222
103,Voxento,LSC24-AD10,AD,31.025641025641026,4,11,50.564,True,2024,0.7333333333333333
104,EAGLE1,LSC24-AD10,AD,31.746031746031747,1,10,31.486,True,2024,0.9090909090909091
105,Memento,LSC24-AD10,AD,50.0,0,15,33.547,True,2024,1.0
106,VitaChronicle1,LSC24-AD10,AD,21.33333333333333,4,8,44.047,True,2024,0.6666666666666666
107,Exquisitor,LSC24-AD10,AD,53.51851851851851,2,17,40.853,True,2024,0.8947368421052632
108,LifeLens1,LSC24-AD10,AD,41.66666666666666,6,15,52.08,True,2024,0.7142857142857143
109,LifeSeeker1,LSC24-AD10,AD,36.34408602150538,5,13,56.705,True,2024,0.7222222222222222
110,VISIONE1,LSC24-AD10,AD,55.04761904761904,1,17,27.118,True,2024,0.9444444444444444
111,LifeInsight,LSC24-AD10,AD,65.04065040650407,1,20,68.2,True,2024,0.9523809523809523
112,CollaXRSearch1,LSC24-AD10,AD,53.51851851851851,2,17,73.259,True,2024,0.8947368421052632
113,MemoriEase,LSC24-AD10,AD,26.666666666666668,0,8,32.679,True,2024,1.0
114,vitrivr,LSC24-AD10,AD,51.71717171717172,1,16,40.094,True,2024,0.9411764705882353
115,MyEachtra,LSC24-AD10,AD,27.0,2,9,68.151,True,2024,0.8181818181818182
116,Lifegraph,LSC24-AD10,AD,26.666666666666668,0,8,76.288,True,2024,1.0
117,SnapSeek1,LSC24-AD10,AD,0.1626016260162601,39,1,52.125,True,2024,0.025
118,Retrospect1,LSC24-AD10,AD,0.0,14,0,,True,2024,0.0
119,vitrivr-VR,LSC24-AD10,AD,15.15151515151515,1,5,68.074,True,2024,0.8333333333333334
120,PraK1,LSC24-KISJ09,KIS,95.59483333333333,0,2,26.431,True,2024,1.0
121,LIFEXPLORE1,LSC24-KISJ09,KIS,96.25483333333334,0,1,22.471,True,2024,1.0
122,Libro1,LSC24-KISJ09,KIS,93.46433333333334,0,1,39.214,True,2024,1.0
123,Voxento,LSC24-KISJ09,KIS,95.73683333333332,1,1,25.579,True,2024,0.5
124,EAGLE1,LSC24-KISJ09,KIS,94.56533333333334,0,1,32.608,True,2024,1.0
125,Memento,LSC24-KISJ09,KIS,90.848,0,1,54.912,True,2024,1.0
126,VitaChronicle1,LSC24-KISJ09,KIS,91.14883333333331,0,1,53.107,True,2024,1.0
127,Exquisitor,LSC24-KISJ09,KIS,90.53016666666667,0,1,56.819,True,2024,1.0
128,LifeLens1,LSC24-KISJ09,KIS,91.598,0,1,50.412,True,2024,1.0
129,LifeSeeker1,LSC24-KISJ09,KIS,69.28566666666666,1,1,124.286,True,2024,0.5
130,VISIONE1,LSC24-KISJ09,KIS,92.54566666666666,0,1,44.726,True,2024,1.0
131,LifeInsight,LSC24-KISJ09,KIS,57.73066666666666,1,1,193.616,True,2024,0.5
132,CollaXRSearch1,LSC24-KISJ09,KIS,79.96416666666667,0,1,120.215,True,2024,1.0
133,MemoriEase,LSC24-KISJ09,KIS,92.9215,0,1,42.471,True,2024,1.0
134,vitrivr,LSC24-KISJ09,KIS,93.12916666666666,0,1,41.225,True,2024,1.0
135,MyEachtra,LSC24-KISJ09,KIS,78.12533333333333,1,1,71.248,True,2024,0.5
136,Lifegraph,LSC24-KISJ09,KIS,50.27866666666667,0,1,298.328,True,2024,1.0
137,SnapSeek1,LSC24-KISJ09,KIS,43.64216666666667,2,1,218.147,True,2024,0.3333333333333333
138,Retrospect1,LSC24-KISJ09,KIS,0.0,0,0,,True,2024,0.0
139,vitrivr-VR,LSC24-KISJ09,KIS,0.0,5,0,,True,2024,0.0
140,PraK1,LSC24-QA13,QA,84.68950000000001,0,1,91.863,True,2024,1.0
141,LIFEXPLORE1,LSC24-QA13,QA,88.58833333333334,0,1,68.47,True,2024,1.0
142,Libro1,LSC24-QA13,QA,75.79466666666667,1,1,85.232,True,2024,0.5
143,Voxento,LSC24-QA13,QA,64.30116666666666,1,2,154.193,True,2024,0.6666666666666666
144,EAGLE1,LSC24-QA13,QA,68.98233333333333,0,1,186.106,True,2024,1.0
145,Memento,LSC24-QA13,QA,58.8445,0,1,246.933,True,2024,1.0
146,VitaChronicle1,LSC24-QA13,QA,70.29483333333333,0,1,178.231,True,2024,1.0
147,Exquisitor,LSC24-QA13,QA,0.0,1,0,,True,2024,0.0
148,LifeLens1,LSC24-QA13,QA,0.0,1,0,,True,2024,0.0
149,LifeSeeker1,LSC24-QA13,QA,83.73866666666666,0,1,97.568,True,2024,1.0
150,VISIONE1,LSC24-QA13,QA,0.0,2,0,,True,2024,0.0
151,LifeInsight,LSC24-QA13,QA,61.76916666666667,0,1,229.385,True,2024,1.0
152,CollaXRSearch1,LSC24-QA13,QA,71.22033333333333,1,1,112.678,True,2024,0.5
153,MemoriEase,LSC24-QA13,QA,73.10783333333333,0,1,161.353,True,2024,1.0
154,vitrivr,LSC24-QA13,QA,0.0,0,0,,True,2024,0.0
155,MyEachtra,LSC24-QA13,QA,0.0,2,0,,True,2024,0.0
156,Lifegraph,LSC24-QA13,QA,50.05166666666667,0,1,299.69,True,2024,1.0
157,SnapSeek1,LSC24-QA13,QA,66.71333333333334,0,1,199.72,True,2024,1.0
158,Retrospect1,LSC24-QA13,QA,0.0,0,0,,True,2024,0.0
159,vitrivr-VR,LSC24-QA13,QA,0.0,0,0,,True,2024,0.0
160,PraK1,LSC24-AD11,AD,29.89000478240077,1,25,30.02,True,2024,0.9615384615384616
161,LIFEXPLORE1,LSC24-AD11,AD,26.880081300813007,2,23,44.24,True,2024,0.92
162,Libro1,LSC24-AD11,AD,26.880081300813007,2,23,33.557,True,2024,0.92
163,Voxento,LSC24-AD11,AD,9.75609756097561,0,8,154.262,True,2024,1.0
164,EAGLE1,LSC24-AD11,AD,12.296747967479677,2,11,29.951,True,2024,0.8461538461538461
165,Memento,LSC24-AD11,AD,4.878048780487805,0,4,41.817,True,2024,1.0
166,VitaChronicle1,LSC24-AD11,AD,24.390243902439025,0,20,25.656,True,2024,1.0
167,Exquisitor,LSC24-AD11,AD,16.813700051894138,11,18,63.713,True,2024,0.6206896551724138
168,LifeLens1,LSC24-AD11,AD,26.82926829268293,0,22,50.287,True,2024,1.0
169,LifeSeeker1,LSC24-AD11,AD,24.81238273921201,6,23,28.561,True,2024,0.7931034482758621
170,VISIONE1,LSC24-AD11,AD,8.960763520678684,20,13,129.661,True,2024,0.3939393939393939
171,LifeInsight,LSC24-AD11,AD,0.0,0,0,,True,2024,0.0
172,CollaXRSearch1,LSC24-AD11,AD,3.658536585365854,0,3,38.435,True,2024,1.0
173,MemoriEase,LSC24-AD11,AD,15.853658536585366,0,13,54.3,True,2024,1.0
174,vitrivr,LSC24-AD11,AD,28.22944896115628,4,25,27.826,True,2024,0.8620689655172413
175,MyEachtra,LSC24-AD11,AD,39.7114393679148,3,34,93.206,True,2024,0.918918918918919
176,Lifegraph,LSC24-AD11,AD,0.0,0,0,,True,2024,0.0
177,SnapSeek1,LSC24-AD11,AD,0.0,0,0,,True,2024,0.0
178,Retrospect1,LSC24-AD11,AD,0.0,0,0,,True,2024,0.0
179,vitrivr-VR,LSC24-AD11,AD,8.536585365853659,0,7,115.793,True,2024,1.0
180,PraK1,LSC24-KISJ10,KIS,93.84533333333334,0,1,36.928,True,2024,1.0
181,LIFEXPLORE1,LSC24-KISJ10,KIS,94.20483333333334,0,1,34.771,True,2024,1.0
182,Libro1,LSC24-KISJ10,KIS,91.201,0,1,52.794,True,2024,1.0
183,Voxento,LSC24-KISJ10,KIS,91.847,0,1,48.918,True,2024,1.0
184,EAGLE1,LSC24-KISJ10,KIS,95.5905,0,2,26.457,True,2024,1.0
185,Memento,LSC24-KISJ10,KIS,93.30366666666666,0,1,40.178,True,2024,1.0
186,VitaChronicle1,LSC24-KISJ10,KIS,90.296,0,1,58.224,True,2024,1.0
187,Exquisitor,LSC24-KISJ10,KIS,88.9055,0,1,66.567,True,2024,1.0
188,LifeLens1,LSC24-KISJ10,KIS,80.7825,0,1,115.305,True,2024,1.0
189,LifeSeeker1,LSC24-KISJ10,KIS,93.70316666666668,0,1,37.781,True,2024,1.0
190,VISIONE1,LSC24-KISJ10,KIS,92.0445,0,1,47.733,True,2024,1.0
191,LifeInsight,LSC24-KISJ10,KIS,83.8705,0,1,96.777,True,2024,1.0
192,CollaXRSearch1,LSC24-KISJ10,KIS,68.32266666666666,0,1,190.064,True,2024,1.0
193,MemoriEase,LSC24-KISJ10,KIS,72.319,0,1,166.086,True,2024,1.0
194,vitrivr,LSC24-KISJ10,KIS,84.16866666666667,0,1,94.988,True,2024,1.0
195,MyEachtra,LSC24-KISJ10,KIS,0.0,0,0,,True,2024,0.0
196,Lifegraph,LSC24-KISJ10,KIS,84.14716666666666,0,1,95.117,True,2024,1.0
197,SnapSeek1,LSC24-KISJ10,KIS,68.8195,1,1,127.083,True,2024,0.5
198,Retrospect1,LSC24-KISJ10,KIS,60.93983333333334,0,1,234.361,True,2024,1.0
199,vitrivr-VR,LSC24-KISJ10,KIS,19.975833333333327,6,1,120.145,True,2024,0.14285714285714285
200,PraK1,LSC24-QA14,QA,0.0,2,0,,True,2024,0.0
201,LIFEXPLORE1,LSC24-QA14,QA,0.0,1,0,,True,2024,0.0
202,Libro1,LSC24-QA14,QA,0.0,5,0,,True,2024,0.0
203,Voxento,LSC24-QA14,QA,0.0,2,0,,True,2024,0.0
204,EAGLE1,LSC24-QA14,QA,0.0,1,0,,True,2024,0.0
205,Memento,LSC24-QA14,QA,0.0,1,0,,True,2024,0.0
206,VitaChronicle1,LSC24-QA14,QA,0.0,1,0,,True,2024,0.0
207,Exquisitor,LSC24-QA14,QA,0.0,2,0,,True,2024,0.0
208,LifeLens1,LSC24-QA14,QA,0.0,1,0,,True,2024,0.0
209,LifeSeeker1,LSC24-QA14,QA,0.0,2,0,,True,2024,0.0
210,VISIONE1,LSC24-QA14,QA,0.0,3,0,,True,2024,0.0
211,LifeInsight,LSC24-QA14,QA,0.0,2,0,,True,2024,0.0
212,CollaXRSearch1,LSC24-QA14,QA,0.0,2,0,,True,2024,0.0
213,MemoriEase,LSC24-QA14,QA,0.0,1,0,,True,2024,0.0
214,vitrivr,LSC24-QA14,QA,0.0,1,0,,True,2024,0.0
215,MyEachtra,LSC24-QA14,QA,0.0,2,0,,True,2024,0.0
216,Lifegraph,LSC24-QA14,QA,0.0,1,0,,True,2024,0.0
217,SnapSeek1,LSC24-QA14,QA,0.0,2,0,,True,2024,0.0
218,Retrospect1,LSC24-QA14,QA,0.0,0,0,,True,2024,0.0
219,vitrivr-VR,LSC24-QA14,QA,0.0,0,0,,True,2024,0.0
220,PraK1,LSC24-AD12,AD,20.0,0,3,44.724,True,2024,1.0
221,LIFEXPLORE1,LSC24-AD12,AD,70.41666666666667,6,13,42.324,True,2024,0.6842105263157895
222,Libro1,LSC24-AD12,AD,23.80952380952381,4,5,32.72,True,2024,0.5555555555555556
223,Voxento,LSC24-AD12,AD,20.0,0,3,27.311,True,2024,1.0
224,EAGLE1,LSC24-AD12,AD,10.909090909090908,5,3,26.614,True,2024,0.375
225,Memento,LSC24-AD12,AD,13.333333333333334,0,2,50.942,True,2024,1.0
226,VitaChronicle1,LSC24-AD12,AD,13.333333333333334,0,2,67.189,True,2024,1.0
227,Exquisitor,LSC24-AD12,AD,33.333333333333336,0,5,78.52,True,2024,1.0
228,LifeLens1,LSC24-AD12,AD,7.407407407407407,35,5,40.682,True,2024,0.125
229,LifeSeeker1,LSC24-AD12,AD,0.0,1,0,,True,2024,0.0
230,VISIONE1,LSC24-AD12,AD,6.666666666666667,0,1,38.642,True,2024,1.0
231,LifeInsight,LSC24-AD12,AD,51.28205128205128,6,10,84.495,True,2024,0.625
232,CollaXRSearch1,LSC24-AD12,AD,10.158730158730158,13,4,47.585,True,2024,0.23529411764705882
233,MemoriEase,LSC24-AD12,AD,23.703703703703702,1,4,46.538,True,2024,0.8
234,vitrivr,LSC24-AD12,AD,13.333333333333334,0,2,38.764,True,2024,1.0
235,MyEachtra,LSC24-AD12,AD,0.0,0,0,,True,2024,0.0
236,Lifegraph,LSC24-AD12,AD,0.0,2,0,,True,2024,0.0
237,SnapSeek1,LSC24-AD12,AD,0.7407407407407407,16,1,158.507,True,2024,0.058823529411764705
238,Retrospect1,LSC24-AD12,AD,4.444444444444445,1,1,92.489,True,2024,0.5
239,vitrivr-VR,LSC24-AD12,AD,0.0,5,0,,True,2024,0.0
0,LIFEXPLORE1,LSC24-KISJ02,KIS,57.20466666666667,1,1,196.772,False,2024,0.5
1,SnapSeek1,LSC24-KISJ02,KIS,79.179,0,1,124.926,False,2024,1.0
2,LIFEXPLORE2,LSC24-KISJ02,KIS,62.55416666666667,0,1,224.675,False,2024,1.0
3,VISIONE1,LSC24-KISJ02,KIS,76.36133333333333,0,1,141.832,False,2024,1.0
4,Libro1,LSC24-KISJ02,KIS,77.39233333333334,0,1,135.646,False,2024,1.0
5,Exquisitor,LSC24-KISJ02,KIS,47.27483333333333,1,1,256.351,False,2024,0.5
6,PraK1,LSC24-KISJ02,KIS,0.0,0,0,,False,2024,0.0
7,VISIONE3,LSC24-KISJ02,KIS,82.41433333333333,0,1,105.514,False,2024,1.0
8,Libro2,LSC24-KISJ02,KIS,76.26083333333334,0,1,142.435,False,2024,1.0
9,LIFEXPLORE3,LSC24-KISJ02,KIS,0.0,0,0,,False,2024,0.0
10,SnapSeek2,LSC24-KISJ02,KIS,78.00783333333334,0,1,131.953,False,2024,1.0
11,SnapSeek4,LSC24-KISJ02,KIS,72.35583333333332,0,1,165.865,False,2024,1.0
12,SnapSeek5,LSC24-KISJ02,KIS,79.32966666666667,0,1,124.022,False,2024,1.0
13,EAGLE1,LSC24-KISJ02,KIS,79.7885,0,1,121.269,False,2024,1.0
14,MEMORIA,LSC24-KISJ02,KIS,64.7325,1,1,151.605,False,2024,0.5
15,Retrospect1,LSC24-KISJ02,KIS,72.00383333333333,0,1,167.977,False,2024,1.0
16,PraK2,LSC24-KISJ02,KIS,62.597,0,1,224.418,False,2024,1.0
17,LifeInsight,LSC24-KISJ02,KIS,66.44,0,2,201.35,False,2024,1.0
18,VitaChronicle1,LSC24-KISJ02,KIS,0.0,1,0,,False,2024,0.0
19,CollaXRSearch1,LSC24-KISJ02,KIS,51.2805,1,1,232.317,False,2024,0.5
20,vitrivr-VR,LSC24-KISJ02,KIS,42.771166666666666,2,1,223.373,False,2024,0.3333333333333333
21,MemoriEase,LSC24-KISJ02,KIS,82.84383333333334,1,1,102.937,False,2024,0.5
22,Libro3,LSC24-KISJ02,KIS,76.67383333333333,0,1,139.957,False,2024,1.0
23,LifeSeeker1,LSC24-KISJ02,KIS,0.0,0,0,,False,2024,0.0
24,SnapSeek3,LSC24-KISJ02,KIS,77.70566666666667,0,1,133.766,False,2024,1.0
25,VISIONE2,LSC24-KISJ02,KIS,86.22,0,1,82.68,False,2024,1.0
26,Memento,LSC24-KISJ02,KIS,61.068,0,1,233.592,False,2024,1.0
27,EAGLE2,LSC24-KISJ02,KIS,0.0,0,0,,False,2024,0.0
28,LifeLens1,LSC24-KISJ02,KIS,0.0,2,0,,False,2024,0.0
29,Lifegraph,LSC24-KISJ02,KIS,64.814,0,1,211.116,False,2024,1.0
30,vitrivr,LSC24-KISJ02,KIS,0.0,0,0,,False,2024,0.0
31,Voxento,LSC24-KISJ02,KIS,80.33133333333333,0,1,118.012,False,2024,1.0
32,MyEachtra,LSC24-KISJ02,KIS,0.0,0,0,,False,2024,0.0
33,PraK3,LSC24-KISJ02,KIS,82.92983333333333,0,1,102.421,False,2024,1.0
34,LifeSeeker2,LSC24-KISJ02,KIS,0.0,0,0,,False,2024,0.0
35,LIFEXPLORE1,LSC24-AD01,AD,79.36507936507937,1,10,29.772,False,2024,0.9090909090909091
36,SnapSeek1,LSC24-AD01,AD,75.0,0,9,61.405,False,2024,1.0
37,LIFEXPLORE2,LSC24-AD01,AD,11.111111111111112,2,2,175.762,False,2024,0.5
38,VISIONE1,LSC24-AD01,AD,58.333333333333336,0,7,86.426,False,2024,1.0
39,Libro1,LSC24-AD01,AD,0.0,1,0,,False,2024,0.0
40,Exquisitor,LSC24-AD01,AD,66.66666666666667,0,8,27.71,False,2024,1.0
41,PraK1,LSC24-AD01,AD,41.66666666666666,0,5,147.847,False,2024,1.0
42,VISIONE3,LSC24-AD01,AD,54.44444444444444,1,7,40.3,False,2024,0.875
43,Libro2,LSC24-AD01,AD,58.333333333333336,0,7,83.641,False,2024,1.0
44,LIFEXPLORE3,LSC24-AD01,AD,0.0,0,0,,False,2024,0.0
45,SnapSeek2,LSC24-AD01,AD,51.04166666666666,2,7,60.492,False,2024,0.7777777777777778
46,SnapSeek4,LSC24-AD01,AD,16.666666666666668,3,3,94.931,False,2024,0.5
47,SnapSeek5,LSC24-AD01,AD,31.41025641025641,12,7,80.522,False,2024,0.3684210526315789
48,EAGLE1,LSC24-AD01,AD,0.0,5,0,,False,2024,0.0
49,MEMORIA,LSC24-AD01,AD,0.0,1,0,,False,2024,0.0
50,Retrospect1,LSC24-AD01,AD,41.66666666666666,0,5,155.003,False,2024,1.0
51,PraK2,LSC24-AD01,AD,0.0,8,0,,False,2024,0.0
52,LifeInsight,LSC24-AD01,AD,0.0,103,0,,False,2024,0.0
53,VitaChronicle1,LSC24-AD01,AD,4.166666666666667,2,1,171.867,False,2024,0.3333333333333333
54,CollaXRSearch1,LSC24-AD01,AD,71.05263157894737,1,9,91.557,False,2024,0.9
55,vitrivr-VR,LSC24-AD01,AD,0.0,4,0,,False,2024,0.0
56,MemoriEase,LSC24-AD01,AD,42.85714285714285,2,6,105.593,False,2024,0.75
57,Libro3,LSC24-AD01,AD,6.818181818181819,180,9,79.063,False,2024,0.047619047619047616
58,LifeSeeker1,LSC24-AD01,AD,0.0,1,0,,False,2024,0.0
59,SnapSeek3,LSC24-AD01,AD,0.0,24,0,,False,2024,0.0
60,VISIONE2,LSC24-AD01,AD,0.0,1,0,,False,2024,0.0
61,Memento,LSC24-AD01,AD,0.0,1,0,,False,2024,0.0
62,EAGLE2,LSC24-AD01,AD,0.0,5,0,,False,2024,0.0
63,LifeLens1,LSC24-AD01,AD,0.0,2,0,,False,2024,0.0
64,Lifegraph,LSC24-AD01,AD,62.74509803921569,1,8,64.634,False,2024,0.8888888888888888
65,vitrivr,LSC24-AD01,AD,8.333333333333334,0,1,88.519,False,2024,1.0
66,Voxento,LSC24-AD01,AD,0.0,0,0,,False,2024,0.0
67,MyEachtra,LSC24-AD01,AD,0.0,0,0,,False,2024,0.0
68,PraK3,LSC24-AD01,AD,18.75,2,3,53.848,False,2024,0.6
69,LifeSeeker2,LSC24-AD01,AD,0.0,2,0,,False,2024,0.0
70,LIFEXPLORE1,LSC24-QA01,QA,81.01983333333334,0,1,113.881,False,2024,1.0
71,SnapSeek1,LSC24-QA01,QA,76.04966666666667,0,1,143.702,False,2024,1.0
72,LIFEXPLORE2,LSC24-QA01,QA,76.64666666666666,0,1,140.12,False,2024,1.0
73,VISIONE1,LSC24-QA01,QA,64.90583333333333,0,1,210.565,False,2024,1.0
74,Libro1,LSC24-QA01,QA,0.0,0,0,,False,2024,0.0
75,Exquisitor,LSC24-QA01,QA,0.0,0,0,,False,2024,0.0
76,PraK1,LSC24-QA01,QA,0.0,2,0,,False,2024,0.0
77,VISIONE3,LSC24-QA01,QA,58.49933333333334,0,1,249.004,False,2024,1.0
78,Libro2,LSC24-QA01,QA,0.0,0,0,,False,2024,0.0
79,LIFEXPLORE3,LSC24-QA01,QA,76.4305,0,1,141.417,False,2024,1.0
80,SnapSeek2,LSC24-QA01,QA,74.72433333333333,0,1,151.654,False,2024,1.0
81,SnapSeek4,LSC24-QA01,QA,66.9865,0,1,198.081,False,2024,1.0
82,SnapSeek5,LSC24-QA01,QA,66.20566666666667,1,1,142.766,False,2024,0.5
83,EAGLE1,LSC24-QA01,QA,81.48116666666667,0,1,111.113,False,2024,1.0
84,MEMORIA,LSC24-QA01,QA,49.49516666666667,0,1,300.0,False,2024,1.0
85,Retrospect1,LSC24-QA01,QA,0.0,1,0,,False,2024,0.0
86,PraK2,LSC24-QA01,QA,0.0,2,0,,False,2024,0.0
87,LifeInsight,LSC24-QA01,QA,0.0,5,0,,False,2024,0.0
88,VitaChronicle1,LSC24-QA01,QA,72.19916666666666,0,1,166.805,False,2024,1.0
89,CollaXRSearch1,LSC24-QA01,QA,65.06166666666667,0,1,209.63,False,2024,1.0
90,vitrivr-VR,LSC24-QA01,QA,0.0,0,0,,False,2024,0.0
91,MemoriEase,LSC24-QA01,QA,0.0,2,0,,False,2024,0.0
92,Libro3,LSC24-QA01,QA,0.0,0,0,,False,2024,0.0
93,LifeSeeker1,LSC24-QA01,QA,0.0,2,0,,False,2024,0.0
94,SnapSeek3,LSC24-QA01,QA,67.33966666666666,1,1,135.962,False,2024,0.5
95,VISIONE2,LSC24-QA01,QA,0.0,0,0,,False,2024,0.0
96,Memento,LSC24-QA01,QA,0.0,0,0,,False,2024,0.0
97,EAGLE2,LSC24-QA01,QA,79.56316666666666,0,1,122.621,False,2024,1.0
98,LifeLens1,LSC24-QA01,QA,82.52933333333334,0,1,104.824,False,2024,1.0
99,Lifegraph,LSC24-QA01,QA,0.0,1,0,,False,2024,0.0
100,vitrivr,LSC24-QA01,QA,0.0,2,0,,False,2024,0.0
101,Voxento,LSC24-QA01,QA,0.0,1,0,,False,2024,0.0
102,MyEachtra,LSC24-QA01,QA,0.0,0,0,,False,2024,0.0
103,PraK3,LSC24-QA01,QA,0.0,3,0,,False,2024,0.0
104,LifeSeeker2,LSC24-QA01,QA,0.0,2,0,,False,2024,0.0
105,LIFEXPLORE1,LSC24-KISJ03,KIS,68.76816666666667,0,1,187.391,False,2024,1.0
106,SnapSeek1,LSC24-KISJ03,KIS,70.45616666666666,0,1,177.263,False,2024,1.0
107,LIFEXPLORE2,LSC24-KISJ03,KIS,61.27583333333334,0,1,232.345,False,2024,1.0
108,VISIONE1,LSC24-KISJ03,KIS,69.08,0,1,185.52,False,2024,1.0
109,Libro1,LSC24-KISJ03,KIS,66.45233333333334,0,1,201.286,False,2024,1.0
110,Exquisitor,LSC24-KISJ03,KIS,64.28983333333333,0,1,214.261,False,2024,1.0
111,PraK1,LSC24-KISJ03,KIS,69.0365,0,1,185.781,False,2024,1.0
112,VISIONE3,LSC24-KISJ03,KIS,65.91766666666666,0,1,204.494,False,2024,1.0
113,Libro2,LSC24-KISJ03,KIS,0.0,0,0,,False,2024,0.0
114,LIFEXPLORE3,LSC24-KISJ03,KIS,72.16383333333333,0,1,167.017,False,2024,1.0
115,SnapSeek2,LSC24-KISJ03,KIS,30.710166666666662,3,1,235.739,False,2024,0.25
116,SnapSeek4,LSC24-KISJ03,KIS,9.508499999999998,5,1,242.949,False,2024,0.16666666666666666
117,SnapSeek5,LSC24-KISJ03,KIS,39.720333333333336,1,1,300.0,False,2024,0.5
118,EAGLE1,LSC24-KISJ03,KIS,0.0,1,0,,False,2024,0.0
119,MEMORIA,LSC24-KISJ03,KIS,50.91683333333333,2,1,174.499,False,2024,0.3333333333333333
120,Retrospect1,LSC24-KISJ03,KIS,66.39166666666667,0,1,201.65,False,2024,1.0
121,PraK2,LSC24-KISJ03,KIS,54.38566666666667,0,1,273.686,False,2024,1.0
122,LifeInsight,LSC24-KISJ03,KIS,69.21000000000001,0,1,184.74,False,2024,1.0
123,VitaChronicle1,LSC24-KISJ03,KIS,0.0,4,0,,False,2024,0.0
124,CollaXRSearch1,LSC24-KISJ03,KIS,66.19483333333334,0,1,202.831,False,2024,1.0
125,vitrivr-VR,LSC24-KISJ03,KIS,64.26033333333334,0,1,214.438,False,2024,1.0
126,MemoriEase,LSC24-KISJ03,KIS,60.81066666666667,0,1,235.136,False,2024,1.0
127,Libro3,LSC24-KISJ03,KIS,0.0,1,0,,False,2024,0.0
128,LifeSeeker1,LSC24-KISJ03,KIS,51.585166666666666,1,1,230.489,False,2024,0.5
129,SnapSeek3,LSC24-KISJ03,KIS,70.62816666666667,0,1,176.231,False,2024,1.0
130,VISIONE2,LSC24-KISJ03,KIS,0.0,0,0,,False,2024,0.0
131,Memento,LSC24-KISJ03,KIS,72.56016666666666,0,1,164.639,False,2024,1.0
132,EAGLE2,LSC24-KISJ03,KIS,0.0,1,0,,False,2024,0.0
133,LifeLens1,LSC24-KISJ03,KIS,0.0,1,0,,False,2024,0.0
134,Lifegraph,LSC24-KISJ03,KIS,0.0,0,0,,False,2024,0.0
135,vitrivr,LSC24-KISJ03,KIS,67.24966666666666,0,1,196.502,False,2024,1.0
136,Voxento,LSC24-KISJ03,KIS,0.0,0,0,,False,2024,0.0
137,MyEachtra,LSC24-KISJ03,KIS,58.28116666666668,1,1,190.313,False,2024,0.5
138,PraK3,LSC24-KISJ03,KIS,55.09166666666667,1,1,209.45,False,2024,0.5
139,LifeSeeker2,LSC24-KISJ03,KIS,0.0,1,0,,False,2024,0.0
140,LIFEXPLORE1,LSC24-AD02,AD,0.0,1,0,,False,2024,0.0
141,SnapSeek1,LSC24-AD02,AD,57.142857142857146,0,12,58.319,False,2024,1.0
142,LIFEXPLORE2,LSC24-AD02,AD,57.48299319727891,2,13,45.542,False,2024,0.8666666666666667
143,VISIONE1,LSC24-AD02,AD,46.095238095238095,3,11,75.817,False,2024,0.7857142857142857
144,Libro1,LSC24-AD02,AD,57.48299319727891,2,13,63.963,False,2024,0.8666666666666667
145,Exquisitor,LSC24-AD02,AD,44.32234432234432,4,11,48.231,False,2024,0.7333333333333333
146,PraK1,LSC24-AD02,AD,35.85434173669468,1,8,78.163,False,2024,0.8888888888888888
147,VISIONE3,LSC24-AD02,AD,36.73469387755102,3,9,52.721,False,2024,0.75
148,Libro2,LSC24-AD02,AD,0.0,0,0,,False,2024,0.0
149,LIFEXPLORE3,LSC24-AD02,AD,9.523809523809524,0,2,120.632,False,2024,1.0
150,SnapSeek2,LSC24-AD02,AD,57.142857142857146,0,12,57.376,False,2024,1.0
151,SnapSeek4,LSC24-AD02,AD,16.93121693121693,1,4,145.577,False,2024,0.8
152,SnapSeek5,LSC24-AD02,AD,10.714285714285714,2,3,154.477,False,2024,0.6
153,EAGLE1,LSC24-AD02,AD,0.0,1,0,,False,2024,0.0
154,MEMORIA,LSC24-AD02,AD,3.174603174603175,1,1,105.873,False,2024,0.5
155,Retrospect1,LSC24-AD02,AD,0.0,0,0,,False,2024,0.0
156,PraK2,LSC24-AD02,AD,24.489795918367346,2,6,54.06,False,2024,0.75
157,LifeInsight,LSC24-AD02,AD,45.35147392290249,1,10,72.348,False,2024,0.9090909090909091
158,VitaChronicle1,LSC24-AD02,AD,0.0,4,0,,False,2024,0.0
159,CollaXRSearch1,LSC24-AD02,AD,10.714285714285714,2,3,97.813,False,2024,0.6
160,vitrivr-VR,LSC24-AD02,AD,7.619047619047619,1,2,108.398,False,2024,0.6666666666666666
161,MemoriEase,LSC24-AD02,AD,48.01587301587302,2,11,52.746,False,2024,0.8461538461538461
162,Libro3,LSC24-AD02,AD,38.57142857142857,2,9,83.597,False,2024,0.8181818181818182
163,LifeSeeker1,LSC24-AD02,AD,0.0,4,0,,False,2024,0.0
164,SnapSeek3,LSC24-AD02,AD,1.9047619047619049,3,1,139.336,False,2024,0.25
165,VISIONE2,LSC24-AD02,AD,27.450980392156865,3,7,107.495,False,2024,0.7
166,Memento,LSC24-AD02,AD,2.380952380952381,2,1,81.797,False,2024,0.3333333333333333
167,EAGLE2,LSC24-AD02,AD,0.0,0,0,,False,2024,0.0
168,LifeLens1,LSC24-AD02,AD,27.450980392156865,3,7,124.01,False,2024,0.7
169,Lifegraph,LSC24-AD02,AD,0.0,2,0,,False,2024,0.0
170,vitrivr,LSC24-AD02,AD,9.523809523809524,0,2,105.71,False,2024,1.0
171,Voxento,LSC24-AD02,AD,4.761904761904762,0,1,124.239,False,2024,1.0
172,MyEachtra,LSC24-AD02,AD,0.0,1,0,,False,2024,0.0
173,PraK3,LSC24-AD02,AD,14.285714285714286,0,3,125.003,False,2024,1.0
174,LifeSeeker2,LSC24-AD02,AD,0.0,15,0,,False,2024,0.0
175,LIFEXPLORE1,LSC24-QA02,QA,93.54616666666666,0,1,38.723,False,2024,1.0
176,SnapSeek1,LSC24-QA02,QA,91.20683333333332,0,1,52.759,False,2024,1.0
177,LIFEXPLORE2,LSC24-QA02,QA,95.6085,0,1,26.349,False,2024,1.0
178,VISIONE1,LSC24-QA02,QA,89.65533333333333,0,1,62.068,False,2024,1.0
179,Libro1,LSC24-QA02,QA,89.61449999999999,0,1,62.313,False,2024,1.0
180,Exquisitor,LSC24-QA02,QA,60.18733333333333,0,1,238.876,False,2024,1.0
181,PraK1,LSC24-QA02,QA,88.42766666666667,0,1,69.434,False,2024,1.0
182,VISIONE3,LSC24-QA02,QA,84.574,0,1,92.556,False,2024,1.0
183,Libro2,LSC24-QA02,QA,89.17533333333333,0,1,64.948,False,2024,1.0
184,LIFEXPLORE3,LSC24-QA02,QA,95.70633333333332,0,1,25.762,False,2024,1.0
185,SnapSeek2,LSC24-QA02,QA,90.9725,0,1,54.165,False,2024,1.0
186,SnapSeek4,LSC24-QA02,QA,91.7735,0,1,49.359,False,2024,1.0
187,SnapSeek5,LSC24-QA02,QA,85.51866666666666,0,1,86.888,False,2024,1.0
188,EAGLE1,LSC24-QA02,QA,90.34316666666666,0,1,57.941,False,2024,1.0
189,MEMORIA,LSC24-QA02,QA,71.20733333333334,0,1,172.756,False,2024,1.0
190,Retrospect1,LSC24-QA02,QA,88.38466666666667,0,1,69.692,False,2024,1.0
191,PraK2,LSC24-QA02,QA,69.91433333333333,0,1,180.514,False,2024,1.0
192,LifeInsight,LSC24-QA02,QA,87.24333333333333,0,1,76.54,False,2024,1.0
193,VitaChronicle1,LSC24-QA02,QA,88.5,0,1,69.0,False,2024,1.0
194,CollaXRSearch1,LSC24-QA02,QA,83.68216666666666,0,1,97.907,False,2024,1.0
195,vitrivr-VR,LSC24-QA02,QA,66.805,0,1,199.17,False,2024,1.0
196,MemoriEase,LSC24-QA02,QA,91.07166666666666,0,1,53.57,False,2024,1.0
197,Libro3,LSC24-QA02,QA,86.09266666666667,0,1,83.444,False,2024,1.0
198,LifeSeeker1,LSC24-QA02,QA,75.86483333333334,0,1,144.811,False,2024,1.0
199,SnapSeek3,LSC24-QA02,QA,85.1035,0,1,89.379,False,2024,1.0
200,VISIONE2,LSC24-QA02,QA,0.0,0,0,,False,2024,0.0
201,Memento,LSC24-QA02,QA,91.35816666666668,0,1,51.851,False,2024,1.0
202,EAGLE2,LSC24-QA02,QA,91.43433333333334,0,1,51.394,False,2024,1.0
203,LifeLens1,LSC24-QA02,QA,83.65383333333332,0,1,98.077,False,2024,1.0
204,Lifegraph,LSC24-QA02,QA,88.46383333333333,0,1,69.217,False,2024,1.0
205,vitrivr,LSC24-QA02,QA,88.95966666666666,0,1,66.242,False,2024,1.0
206,Voxento,LSC24-QA02,QA,86.95,0,1,78.3,False,2024,1.0
207,MyEachtra,LSC24-QA02,QA,90.31383333333332,0,1,58.117,False,2024,1.0
208,PraK3,LSC24-QA02,QA,0.0,0,0,,False,2024,0.0
209,LifeSeeker2,LSC24-QA02,QA,0.0,0,0,,False,2024,0.0
210,LIFEXPLORE1,LSC24-KIS04,KIS,0.0,1,0,,False,2024,0.0
211,SnapSeek1,LSC24-KIS04,KIS,0.0,0,0,,False,2024,0.0
212,LIFEXPLORE2,LSC24-KIS04,KIS,0.0,0,0,,False,2024,0.0
213,VISIONE1,LSC24-KIS04,KIS,0.0,1,0,,False,2024,0.0
214,Libro1,LSC24-KIS04,KIS,0.0,1,0,,False,2024,0.0
215,Exquisitor,LSC24-KIS04,KIS,0.0,0,0,,False,2024,0.0
216,PraK1,LSC24-KIS04,KIS,0.0,0,0,,False,2024,0.0
217,VISIONE3,LSC24-KIS04,KIS,0.0,1,0,,False,2024,0.0
218,Libro2,LSC24-KIS04,KIS,0.0,1,0,,False,2024,0.0
219,LIFEXPLORE3,LSC24-KIS04,KIS,0.0,1,0,,False,2024,0.0
220,SnapSeek2,LSC24-KIS04,KIS,0.0,2,0,,False,2024,0.0
221,SnapSeek4,LSC24-KIS04,KIS,0.0,2,0,,False,2024,0.0
222,SnapSeek5,LSC24-KIS04,KIS,0.0,1,0,,False,2024,0.0
223,EAGLE1,LSC24-KIS04,KIS,0.0,3,0,,False,2024,0.0
224,MEMORIA,LSC24-KIS04,KIS,0.0,2,0,,False,2024,0.0
225,Retrospect1,LSC24-KIS04,KIS,0.0,0,0,,False,2024,0.0
226,PraK2,LSC24-KIS04,KIS,0.0,3,0,,False,2024,0.0
227,LifeInsight,LSC24-KIS04,KIS,0.0,2,0,,False,2024,0.0
228,VitaChronicle1,LSC24-KIS04,KIS,0.0,1,0,,False,2024,0.0
229,CollaXRSearch1,LSC24-KIS04,KIS,0.0,0,0,,False,2024,0.0
230,vitrivr-VR,LSC24-KIS04,KIS,0.0,1,0,,False,2024,0.0
231,MemoriEase,LSC24-KIS04,KIS,0.0,1,0,,False,2024,0.0
232,Libro3,LSC24-KIS04,KIS,0.0,0,0,,False,2024,0.0
233,LifeSeeker1,LSC24-KIS04,KIS,0.0,0,0,,False,2024,0.0
234,SnapSeek3,LSC24-KIS04,KIS,0.0,0,0,,False,2024,0.0
235,VISIONE2,LSC24-KIS04,KIS,0.0,1,0,,False,2024,0.0
236,Memento,LSC24-KIS04,KIS,0.0,2,0,,False,2024,0.0
237,EAGLE2,LSC24-KIS04,KIS,0.0,1,0,,False,2024,0.0
238,LifeLens1,LSC24-KIS04,KIS,0.0,0,0,,False,2024,0.0
239,Lifegraph,LSC24-KIS04,KIS,0.0,0,0,,False,2024,0.0
240,vitrivr,LSC24-KIS04,KIS,0.0,0,0,,False,2024,0.0
241,Voxento,LSC24-KIS04,KIS,0.0,0,0,,False,2024,0.0
242,MyEachtra,LSC24-KIS04,KIS,0.0,1,0,,False,2024,0.0
243,PraK3,LSC24-KIS04,KIS,0.0,1,0,,False,2024,0.0
244,LifeSeeker2,LSC24-KIS04,KIS,0.0,3,0,,False,2024,0.0
245,LIFEXPLORE1,LSC24-KISJ04,KIS,98.71766666666667,0,1,7.694,False,2024,1.0
246,SnapSeek1,LSC24-KISJ04,KIS,95.19933333333331,0,2,28.804,False,2024,1.0
247,LIFEXPLORE2,LSC24-KISJ04,KIS,96.40566666666666,0,1,21.566,False,2024,1.0
248,VISIONE1,LSC24-KISJ04,KIS,76.41033333333334,1,1,81.538,False,2024,0.5
249,Libro1,LSC24-KISJ04,KIS,97.07783333333332,0,1,17.533,False,2024,1.0
250,Exquisitor,LSC24-KISJ04,KIS,74.09333333333333,0,1,155.44,False,2024,1.0
251,PraK1,LSC24-KISJ04,KIS,48.69283333333334,3,1,187.843,False,2024,0.25
252,VISIONE3,LSC24-KISJ04,KIS,62.59299999999999,1,1,164.442,False,2024,0.5
253,Libro2,LSC24-KISJ04,KIS,84.20133333333334,0,1,94.792,False,2024,1.0
254,LIFEXPLORE3,LSC24-KISJ04,KIS,98.28566666666666,0,1,10.286,False,2024,1.0
255,SnapSeek2,LSC24-KISJ04,KIS,91.55183333333332,0,1,50.689,False,2024,1.0
256,SnapSeek4,LSC24-KISJ04,KIS,95.35116666666669,0,2,27.893,False,2024,1.0
257,SnapSeek5,LSC24-KISJ04,KIS,92.89533333333333,0,1,42.628,False,2024,1.0
258,EAGLE1,LSC24-KISJ04,KIS,98.1205,0,1,11.277,False,2024,1.0
259,MEMORIA,LSC24-KISJ04,KIS,68.125,0,1,191.25,False,2024,1.0
260,Retrospect1,LSC24-KISJ04,KIS,68.5685,0,1,188.589,False,2024,1.0
261,PraK2,LSC24-KISJ04,KIS,0.0,7,0,,False,2024,0.0
262,LifeInsight,LSC24-KISJ04,KIS,86.2355,1,1,22.587,False,2024,0.5
263,VitaChronicle1,LSC24-KISJ04,KIS,98.51883333333332,0,1,8.887,False,2024,1.0
264,CollaXRSearch1,LSC24-KISJ04,KIS,44.77116666666667,1,1,271.373,False,2024,0.5
265,vitrivr-VR,LSC24-KISJ04,KIS,88.33866666666667,0,1,69.968,False,2024,1.0
266,MemoriEase,LSC24-KISJ04,KIS,0.0,9,0,,False,2024,0.0
267,Libro3,LSC24-KISJ04,KIS,0.0,1,0,,False,2024,0.0
268,LifeSeeker1,LSC24-KISJ04,KIS,94.4125,0,1,33.525,False,2024,1.0
269,SnapSeek3,LSC24-KISJ04,KIS,92.54466666666669,0,1,44.732,False,2024,1.0
270,VISIONE2,LSC24-KISJ04,KIS,52.75366666666666,1,1,223.478,False,2024,0.5
271,Memento,LSC24-KISJ04,KIS,97.09716666666668,0,1,17.417,False,2024,1.0
272,EAGLE2,LSC24-KISJ04,KIS,94.53783333333334,0,1,32.773,False,2024,1.0
273,LifeLens1,LSC24-KISJ04,KIS,97.3305,0,1,16.017,False,2024,1.0
274,Lifegraph,LSC24-KISJ04,KIS,0.0,0,0,,False,2024,0.0
275,vitrivr,LSC24-KISJ04,KIS,88.93116666666667,0,1,66.413,False,2024,1.0
276,Voxento,LSC24-KISJ04,KIS,92.48166666666668,0,1,45.11,False,2024,1.0
277,MyEachtra,LSC24-KISJ04,KIS,0.0,1,0,,False,2024,0.0
278,PraK3,LSC24-KISJ04,KIS,0.0,3,0,,False,2024,0.0
279,LifeSeeker2,LSC24-KISJ04,KIS,94.1875,0,1,34.875,False,2024,1.0
280,LIFEXPLORE1,LSC24-AD03,AD,18.181818181818183,6,8,23.254,False,2024,0.5714285714285714
281,SnapSeek1,LSC24-AD03,AD,20.416666666666664,1,7,67.105,False,2024,0.875
282,LIFEXPLORE2,LSC24-AD03,AD,7.03125,2,3,78.444,False,2024,0.6
283,VISIONE1,LSC24-AD03,AD,17.307692307692307,1,6,32.913,False,2024,0.8571428571428571
284,Libro1,LSC24-AD03,AD,8.333333333333334,4,4,54.071,False,2024,0.5
285,Exquisitor,LSC24-AD03,AD,40.625,0,13,36.612,False,2024,1.0
286,PraK1,LSC24-AD03,AD,12.5,0,4,41.243,False,2024,1.0
287,VISIONE3,LSC24-AD03,AD,9.090909090909092,3,4,49.489,False,2024,0.5714285714285714
288,Libro2,LSC24-AD03,AD,4.166666666666667,2,2,38.333,False,2024,0.5
289,LIFEXPLORE3,LSC24-AD03,AD,7.03125,2,3,48.621,False,2024,0.6
290,SnapSeek2,LSC24-AD03,AD,4.6875,6,3,95.062,False,2024,0.3333333333333333
291,SnapSeek4,LSC24-AD03,AD,1.5625,2,1,45.78,False,2024,0.3333333333333333
292,SnapSeek5,LSC24-AD03,AD,11.160714285714286,4,5,26.924,False,2024,0.5555555555555556
293,EAGLE1,LSC24-AD03,AD,5.0,1,2,86.54,False,2024,0.6666666666666666
294,MEMORIA,LSC24-AD03,AD,4.166666666666667,2,2,46.236,False,2024,0.5
295,Retrospect1,LSC24-AD03,AD,9.375,0,3,171.438,False,2024,1.0
296,PraK2,LSC24-AD03,AD,12.019230769230768,3,5,29.3,False,2024,0.625
297,LifeInsight,LSC24-AD03,AD,1.3157894736842106,15,2,162.699,False,2024,0.11764705882352941
298,VitaChronicle1,LSC24-AD03,AD,0.5208333333333334,10,1,118.013,False,2024,0.09090909090909091
299,CollaXRSearch1,LSC24-AD03,AD,7.03125,2,3,64.62,False,2024,0.6
300,vitrivr-VR,LSC24-AD03,AD,14.204545454545451,1,5,50.117,False,2024,0.8333333333333334
301,MemoriEase,LSC24-AD03,AD,5.625,4,3,30.263,False,2024,0.42857142857142855
302,Libro3,LSC24-AD03,AD,15.0,3,6,42.523,False,2024,0.6666666666666666
303,LifeSeeker1,LSC24-AD03,AD,9.090909090909092,3,4,53.101,False,2024,0.5714285714285714
304,SnapSeek3,LSC24-AD03,AD,0.5208333333333334,10,1,179.533,False,2024,0.09090909090909091
305,VISIONE2,LSC24-AD03,AD,11.160714285714286,4,5,30.612,False,2024,0.5555555555555556
306,Memento,LSC24-AD03,AD,6.25,3,3,63.62,False,2024,0.5
307,EAGLE2,LSC24-AD03,AD,5.0,1,2,50.769,False,2024,0.6666666666666666
308,LifeLens1,LSC24-AD03,AD,0.0,0,0,43.943,False,2024,0.0
309,Lifegraph,LSC24-AD03,AD,14.583333333333334,7,7,62.566,False,2024,0.5
310,vitrivr,LSC24-AD03,AD,9.090909090909092,3,4,93.976,False,2024,0.5714285714285714
311,Voxento,LSC24-AD03,AD,11.11111111111111,1,4,32.48,False,2024,0.8
312,MyEachtra,LSC24-AD03,AD,0.5681818181818182,9,1,175.523,False,2024,0.1
313,PraK3,LSC24-AD03,AD,19.140625,2,7,60.515,False,2024,0.7777777777777778
314,LifeSeeker2,LSC24-AD03,AD,0.2403846153846154,24,1,97.342,False,2024,0.04
315,LIFEXPLORE1,LSC24-QA03,QA,97.1115,0,1,17.331,False,2024,1.0
316,SnapSeek1,LSC24-QA03,QA,93.29633333333334,0,1,40.222,False,2024,1.0
317,LIFEXPLORE2,LSC24-QA03,QA,97.08466666666666,0,1,17.492,False,2024,1.0
318,VISIONE1,LSC24-QA03,QA,95.7485,0,1,25.509,False,2024,1.0
319,Libro1,LSC24-QA03,QA,96.00283333333334,0,1,23.983,False,2024,1.0
320,Exquisitor,LSC24-QA03,QA,96.48983333333334,0,1,21.061,False,2024,1.0
321,PraK1,LSC24-QA03,QA,95.37933333333334,0,1,27.724,False,2024,1.0
322,VISIONE3,LSC24-QA03,QA,92.3325,0,1,46.005,False,2024,1.0
323,Libro2,LSC24-QA03,QA,94.96983333333333,0,1,30.181,False,2024,1.0
324,LIFEXPLORE3,LSC24-QA03,QA,96.883,0,1,18.702,False,2024,1.0
325,SnapSeek2,LSC24-QA03,QA,92.562,0,1,44.628,False,2024,1.0
326,SnapSeek4,LSC24-QA03,QA,94.17916666666667,0,1,34.925,False,2024,1.0
327,SnapSeek5,LSC24-QA03,QA,95.60116666666669,0,1,26.393,False,2024,1.0
328,EAGLE1,LSC24-QA03,QA,94.59633333333332,0,1,32.422,False,2024,1.0
329,MEMORIA,LSC24-QA03,QA,73.23233333333333,0,1,160.606,False,2024,1.0
330,Retrospect1,LSC24-QA03,QA,84.87133333333333,0,1,90.772,False,2024,1.0
331,PraK2,LSC24-QA03,QA,95.66283333333334,0,1,26.023,False,2024,1.0
332,LifeInsight,LSC24-QA03,QA,0.0,1,0,,False,2024,0.0
333,VitaChronicle1,LSC24-QA03,QA,95.91316666666668,0,1,24.521,False,2024,1.0
334,CollaXRSearch1,LSC24-QA03,QA,92.5625,0,1,44.625,False,2024,1.0
335,vitrivr-VR,LSC24-QA03,QA,87.5575,0,1,74.655,False,2024,1.0
336,MemoriEase,LSC24-QA03,QA,0.0,1,0,,False,2024,0.0
337,Libro3,LSC24-QA03,QA,96.104,0,1,23.376,False,2024,1.0
338,LifeSeeker1,LSC24-QA03,QA,92.52833333333334,0,1,44.83,False,2024,1.0
339,SnapSeek3,LSC24-QA03,QA,84.87899999999999,0,1,90.726,False,2024,1.0
340,VISIONE2,LSC24-QA03,QA,94.62733333333333,0,1,32.236,False,2024,1.0
341,Memento,LSC24-QA03,QA,94.62666666666668,0,1,32.24,False,2024,1.0
342,EAGLE2,LSC24-QA03,QA,93.08966666666666,0,1,41.462,False,2024,1.0
343,LifeLens1,LSC24-QA03,QA,94.71766666666667,0,1,31.694,False,2024,1.0
344,Lifegraph,LSC24-QA03,QA,87.42766666666667,0,1,75.434,False,2024,1.0
345,vitrivr,LSC24-QA03,QA,89.33833333333334,0,1,63.97,False,2024,1.0
346,Voxento,LSC24-QA03,QA,0.0,1,0,,False,2024,0.0
347,MyEachtra,LSC24-QA03,QA,0.0,1,0,,False,2024,0.0
348,PraK3,LSC24-QA03,QA,94.38516666666666,0,1,33.689,False,2024,1.0
349,LifeSeeker2,LSC24-QA03,QA,94.6205,0,1,32.277,False,2024,1.0
350,LIFEXPLORE1,LSC24-KISJ05,KIS,84.428,0,1,93.432,False,2024,1.0
351,SnapSeek1,LSC24-KISJ05,KIS,77.96866666666668,0,1,132.188,False,2024,1.0
352,LIFEXPLORE2,LSC24-KISJ05,KIS,86.56383333333332,0,1,80.617,False,2024,1.0
353,VISIONE1,LSC24-KISJ05,KIS,79.41666666666667,0,1,123.5,False,2024,1.0
354,Libro1,LSC24-KISJ05,KIS,86.75450000000001,0,1,79.473,False,2024,1.0
355,Exquisitor,LSC24-KISJ05,KIS,74.94366666666667,1,1,90.338,False,2024,0.5
356,PraK1,LSC24-KISJ05,KIS,84.032,0,2,95.808,False,2024,1.0
357,VISIONE3,LSC24-KISJ05,KIS,85.03233333333333,0,1,89.806,False,2024,1.0
358,Libro2,LSC24-KISJ05,KIS,84.71133333333333,0,1,91.732,False,2024,1.0
359,LIFEXPLORE3,LSC24-KISJ05,KIS,91.50566666666668,0,1,50.966,False,2024,1.0
360,SnapSeek2,LSC24-KISJ05,KIS,0.0,1,0,,False,2024,0.0
361,SnapSeek4,LSC24-KISJ05,KIS,67.97516666666667,1,1,132.149,False,2024,0.5
362,SnapSeek5,LSC24-KISJ05,KIS,78.12516666666667,0,1,131.249,False,2024,1.0
363,EAGLE1,LSC24-KISJ05,KIS,81.0175,0,1,113.895,False,2024,1.0
364,MEMORIA,LSC24-KISJ05,KIS,46.03483333333333,2,1,203.791,False,2024,0.3333333333333333
365,Retrospect1,LSC24-KISJ05,KIS,53.54266666666666,1,1,218.744,False,2024,0.5
366,PraK2,LSC24-KISJ05,KIS,88.40966666666667,0,1,69.542,False,2024,1.0
367,LifeInsight,LSC24-KISJ05,KIS,80.55716666666666,0,1,116.657,False,2024,1.0
368,VitaChronicle1,LSC24-KISJ05,KIS,74.80199999999999,1,1,91.188,False,2024,0.5
369,CollaXRSearch1,LSC24-KISJ05,KIS,0.0,1,0,,False,2024,0.0
370,vitrivr-VR,LSC24-KISJ05,KIS,77.2975,0,1,136.215,False,2024,1.0
371,MemoriEase,LSC24-KISJ05,KIS,73.6525,1,1,98.085,False,2024,0.5
372,Libro3,LSC24-KISJ05,KIS,83.38466666666667,0,1,99.692,False,2024,1.0
373,LifeSeeker1,LSC24-KISJ05,KIS,87.79016666666666,0,1,73.259,False,2024,1.0
374,SnapSeek3,LSC24-KISJ05,KIS,0.0,0,0,,False,2024,0.0
375,VISIONE2,LSC24-KISJ05,KIS,82.56633333333333,0,1,104.602,False,2024,1.0
376,Memento,LSC24-KISJ05,KIS,82.45183333333333,0,1,105.289,False,2024,1.0
377,EAGLE2,LSC24-KISJ05,KIS,75.59666666666666,0,1,146.42,False,2024,1.0
378,LifeLens1,LSC24-KISJ05,KIS,53.70933333333333,0,1,277.744,False,2024,1.0
379,Lifegraph,LSC24-KISJ05,KIS,74.28266666666667,0,1,154.304,False,2024,1.0
380,vitrivr,LSC24-KISJ05,KIS,78.1465,0,1,131.121,False,2024,1.0
381,Voxento,LSC24-KISJ05,KIS,50.37866666666667,0,1,297.728,False,2024,1.0
382,MyEachtra,LSC24-KISJ05,KIS,79.14316666666667,0,2,125.141,False,2024,1.0
383,PraK3,LSC24-KISJ05,KIS,83.36633333333333,0,1,99.802,False,2024,1.0
384,LifeSeeker2,LSC24-KISJ05,KIS,49.755,1,1,241.47,False,2024,0.5
385,LIFEXPLORE1,LSC24-AD04,AD,22.857142857142858,1,2,52.229,False,2024,0.6666666666666666
386,SnapSeek1,LSC24-AD04,AD,42.85714285714285,0,3,34.799,False,2024,1.0
387,LIFEXPLORE2,LSC24-AD04,AD,42.85714285714285,0,3,37.286,False,2024,1.0
388,VISIONE1,LSC24-AD04,AD,50.79365079365079,1,4,29.759,False,2024,0.8
389,Libro1,LSC24-AD04,AD,42.85714285714285,0,3,49.182,False,2024,1.0
390,Exquisitor,LSC24-AD04,AD,36.73469387755102,1,3,23.291,False,2024,0.75
391,PraK1,LSC24-AD04,AD,42.85714285714285,0,3,49.145,False,2024,1.0
392,VISIONE3,LSC24-AD04,AD,42.85714285714285,0,3,32.295,False,2024,1.0
393,Libro2,LSC24-AD04,AD,28.571428571428573,0,2,57.045,False,2024,1.0
394,LIFEXPLORE3,LSC24-AD04,AD,42.85714285714285,0,3,111.535,False,2024,1.0
395,SnapSeek2,LSC24-AD04,AD,14.285714285714286,4,2,46.873,False,2024,0.3333333333333333
396,SnapSeek4,LSC24-AD04,AD,9.523809523809524,1,1,33.85,False,2024,0.5
397,SnapSeek5,LSC24-AD04,AD,14.285714285714286,0,1,157.753,False,2024,1.0
398,EAGLE1,LSC24-AD04,AD,14.285714285714286,0,1,164.166,False,2024,1.0
399,MEMORIA,LSC24-AD04,AD,57.142857142857146,0,4,141.267,False,2024,1.0
400,Retrospect1,LSC24-AD04,AD,14.285714285714286,0,1,180.0,False,2024,1.0
401,PraK2,LSC24-AD04,AD,0.0,2,0,,False,2024,0.0
402,LifeInsight,LSC24-AD04,AD,16.3265306122449,3,2,41.765,False,2024,0.4
403,VitaChronicle1,LSC24-AD04,AD,42.85714285714285,0,3,80.782,False,2024,1.0
404,CollaXRSearch1,LSC24-AD04,AD,9.523809523809524,1,1,49.633,False,2024,0.5
405,vitrivr-VR,LSC24-AD04,AD,14.285714285714286,0,1,141.022,False,2024,1.0
406,MemoriEase,LSC24-AD04,AD,0.0,22,0,,False,2024,0.0
407,Libro3,LSC24-AD04,AD,57.142857142857146,0,4,38.217,False,2024,1.0
408,LifeSeeker1,LSC24-AD04,AD,9.523809523809524,1,1,70.364,False,2024,0.5
409,SnapSeek3,LSC24-AD04,AD,28.571428571428573,3,3,97.6,False,2024,0.5
410,VISIONE2,LSC24-AD04,AD,14.285714285714286,0,1,77.713,False,2024,1.0
411,Memento,LSC24-AD04,AD,14.285714285714286,0,1,29.963,False,2024,1.0
412,EAGLE2,LSC24-AD04,AD,14.285714285714286,0,1,128.719,False,2024,1.0
413,LifeLens1,LSC24-AD04,AD,14.285714285714286,0,1,31.462,False,2024,1.0
414,Lifegraph,LSC24-AD04,AD,0.0,4,0,,False,2024,0.0
415,vitrivr,LSC24-AD04,AD,14.285714285714286,0,1,48.417,False,2024,1.0
416,Voxento,LSC24-AD04,AD,9.523809523809524,1,1,82.488,False,2024,0.5
417,MyEachtra,LSC24-AD04,AD,9.523809523809524,1,1,168.235,False,2024,0.5
418,PraK3,LSC24-AD04,AD,0.0,9,0,,False,2024,0.0
419,LifeSeeker2,LSC24-AD04,AD,20.779220779220783,14,4,65.905,False,2024,0.2222222222222222
420,LIFEXPLORE1,LSC24-QA04,QA,91.78783333333334,1,2,49.273,False,2024,0.6666666666666666
421,SnapSeek1,LSC24-QA04,QA,0.0,0,0,,False,2024,0.0
422,LIFEXPLORE2,LSC24-QA04,QA,59.73783333333333,1,1,181.573,False,2024,0.5
423,VISIONE1,LSC24-QA04,QA,79.66316666666665,0,1,122.021,False,2024,1.0
424,Libro1,LSC24-QA04,QA,75.2715,0,2,148.371,False,2024,1.0
425,Exquisitor,LSC24-QA04,QA,0.0,1,0,,False,2024,0.0
426,PraK1,LSC24-QA04,QA,81.5735,0,1,110.559,False,2024,1.0
427,VISIONE3,LSC24-QA04,QA,0.0,2,0,,False,2024,0.0
428,Libro2,LSC24-QA04,QA,56.79183333333333,0,1,259.249,False,2024,1.0
429,LIFEXPLORE3,LSC24-QA04,QA,53.46483333333333,1,1,219.211,False,2024,0.5
430,SnapSeek2,LSC24-QA04,QA,0.0,0,0,,False,2024,0.0
431,SnapSeek4,LSC24-QA04,QA,78.00733333333334,1,1,71.956,False,2024,0.5
432,SnapSeek5,LSC24-QA04,QA,30.864166666666662,2,1,294.815,False,2024,0.3333333333333333
433,EAGLE1,LSC24-QA04,QA,59.359,0,1,243.846,False,2024,1.0
434,MEMORIA,LSC24-QA04,QA,46.35266666666666,1,1,261.884,False,2024,0.5
435,Retrospect1,LSC24-QA04,QA,0.0,1,0,,False,2024,0.0
436,PraK2,LSC24-QA04,QA,24.30483333333333,3,1,274.171,False,2024,0.25
437,LifeInsight,LSC24-QA04,QA,20.301500000000004,3,1,298.191,False,2024,0.25
438,VitaChronicle1,LSC24-QA04,QA,0.0,3,0,,False,2024,0.0
439,CollaXRSearch1,LSC24-QA04,QA,72.41816666666668,1,1,105.491,False,2024,0.5
440,vitrivr-VR,LSC24-QA04,QA,78.59633333333333,1,1,128.422,False,2024,0.5
441,MemoriEase,LSC24-QA04,QA,61.43233333333333,1,2,171.406,False,2024,0.6666666666666666
442,Libro3,LSC24-QA04,QA,0.0,1,0,,False,2024,0.0
443,LifeSeeker1,LSC24-QA04,QA,94.71083333333334,2,1,31.735,False,2024,0.3333333333333333
444,SnapSeek3,LSC24-QA04,QA,0.0,1,0,,False,2024,0.0
445,VISIONE2,LSC24-QA04,QA,82.26133333333334,1,1,106.432,False,2024,0.5
446,Memento,LSC24-QA04,QA,0.0,2,0,,False,2024,0.0
447,EAGLE2,LSC24-QA04,QA,34.25666666666667,2,1,274.46,False,2024,0.3333333333333333
448,LifeLens1,LSC24-QA04,QA,0.0,2,0,,False,2024,0.0
449,Lifegraph,LSC24-QA04,QA,0.0,3,0,,False,2024,0.0
450,vitrivr,LSC24-QA04,QA,0.0,2,0,,False,2024,0.0
451,Voxento,LSC24-QA04,QA,87.81,0,1,73.14,False,2024,1.0
452,MyEachtra,LSC24-QA04,QA,88.26533333333333,0,1,70.408,False,2024,1.0
453,PraK3,LSC24-QA04,QA,0.0,3,0,,False,2024,0.0
454,LifeSeeker2,LSC24-QA04,QA,54.85833333333333,1,1,210.85,False,2024,0.5
455,LIFEXPLORE1,LSC24-KISJ06,KIS,87.00516666666667,0,1,77.969,False,2024,1.0
456,SnapSeek1,LSC24-KISJ06,KIS,72.88616666666667,0,1,162.683,False,2024,1.0
457,LIFEXPLORE2,LSC24-KISJ06,KIS,94.57033333333334,0,1,32.578,False,2024,1.0
458,VISIONE1,LSC24-KISJ06,KIS,0.0,2,0,,False,2024,0.0
459,Libro1,LSC24-KISJ06,KIS,89.30000000000001,0,1,64.2,False,2024,1.0
460,Exquisitor,LSC24-KISJ06,KIS,87.63966666666667,0,1,74.162,False,2024,1.0
461,PraK1,LSC24-KISJ06,KIS,40.83466666666666,1,1,294.992,False,2024,0.5
462,VISIONE3,LSC24-KISJ06,KIS,0.0,1,0,,False,2024,0.0
463,Libro2,LSC24-KISJ06,KIS,76.43816666666666,0,1,141.371,False,2024,1.0
464,LIFEXPLORE3,LSC24-KISJ06,KIS,90.27816666666666,0,1,58.331,False,2024,1.0
465,SnapSeek2,LSC24-KISJ06,KIS,47.290666666666674,1,1,256.256,False,2024,0.5
466,SnapSeek4,LSC24-KISJ06,KIS,78.7185,0,1,127.689,False,2024,1.0
467,SnapSeek5,LSC24-KISJ06,KIS,63.02766666666668,1,1,161.834,False,2024,0.5
468,EAGLE1,LSC24-KISJ06,KIS,94.25933333333332,0,1,34.444,False,2024,1.0
469,MEMORIA,LSC24-KISJ06,KIS,83.74183333333333,0,1,97.549,False,2024,1.0
470,Retrospect1,LSC24-KISJ06,KIS,90.56583333333332,0,1,56.605,False,2024,1.0
471,PraK2,LSC24-KISJ06,KIS,22.37533333333333,4,1,225.748,False,2024,0.2
472,LifeInsight,LSC24-KISJ06,KIS,79.0545,1,1,65.673,False,2024,0.5
473,VitaChronicle1,LSC24-KISJ06,KIS,82.62,0,1,104.28,False,2024,1.0
474,CollaXRSearch1,LSC24-KISJ06,KIS,0.0,2,0,,False,2024,0.0
475,vitrivr-VR,LSC24-KISJ06,KIS,91.35483333333332,0,1,51.871,False,2024,1.0
476,MemoriEase,LSC24-KISJ06,KIS,53.02133333333333,1,1,221.872,False,2024,0.5
477,Libro3,LSC24-KISJ06,KIS,0.0,0,0,,False,2024,0.0
478,LifeSeeker1,LSC24-KISJ06,KIS,49.367,0,1,300.0,False,2024,1.0
479,SnapSeek3,LSC24-KISJ06,KIS,68.31566666666667,0,1,190.106,False,2024,1.0
480,VISIONE2,LSC24-KISJ06,KIS,88.16533333333334,0,1,71.008,False,2024,1.0
481,Memento,LSC24-KISJ06,KIS,0.0,1,0,,False,2024,0.0
482,EAGLE2,LSC24-KISJ06,KIS,91.7045,0,1,49.773,False,2024,1.0
483,LifeLens1,LSC24-KISJ06,KIS,0.0,0,0,,False,2024,0.0
484,Lifegraph,LSC24-KISJ06,KIS,32.5175,2,1,284.895,False,2024,0.3333333333333333
485,vitrivr,LSC24-KISJ06,KIS,0.0,2,0,,False,2024,0.0
486,Voxento,LSC24-KISJ06,KIS,0.0,1,0,,False,2024,0.0
487,MyEachtra,LSC24-KISJ06,KIS,76.0105,0,1,143.937,False,2024,1.0
488,PraK3,LSC24-KISJ06,KIS,0.0,5,0,,False,2024,0.0
489,LifeSeeker2,LSC24-KISJ06,KIS,0.0,4,0,,False,2024,0.0
490,LIFEXPLORE1,LSC24-AD05,AD,17.89883700284091,2,127,19.924,False,2024,0.9844961240310077
491,SnapSeek1,LSC24-AD05,AD,14.632034632034634,2,104,23.329,False,2024,0.9811320754716981
492,LIFEXPLORE2,LSC24-AD05,AD,14.275918047469773,1,101,19.373,False,2024,0.9901960784313726
493,VISIONE1,LSC24-AD05,AD,17.793007631055076,12,131,17.9,False,2024,0.916083916083916
494,Libro1,LSC24-AD05,AD,19.152272727272727,57,159,45.716,False,2024,0.7361111111111112
495,Exquisitor,LSC24-AD05,AD,8.667027417027418,2,62,12.801,False,2024,0.96875
496,PraK1,LSC24-AD05,AD,63.42526175375012,5,449,28.041,False,2024,0.9889867841409692
497,VISIONE3,LSC24-AD05,AD,15.21017699115044,6,110,17.409,False,2024,0.9482758620689655
498,Libro2,LSC24-AD05,AD,28.797061524334254,47,224,51.286,False,2024,0.8265682656826568
499,LIFEXPLORE3,LSC24-AD05,AD,7.173984995586937,1,51,14.414,False,2024,0.9807692307692307
500,SnapSeek2,LSC24-AD05,AD,3.623499142367067,1,26,24.606,False,2024,0.9629629629629629
501,SnapSeek4,LSC24-AD05,AD,7.888986013986013,3,57,21.538,False,2024,0.95
502,SnapSeek5,LSC24-AD05,AD,11.52037617554859,6,84,18.2,False,2024,0.9333333333333333
503,EAGLE1,LSC24-AD05,AD,7.956994514106583,2,57,21.122,False,2024,0.9661016949152542
504,MEMORIA,LSC24-AD05,AD,8.531605113636363,4,62,17.819,False,2024,0.9393939393939394
505,Retrospect1,LSC24-AD05,AD,11.789772727272728,0,83,153.997,False,2024,1.0
506,PraK2,LSC24-AD05,AD,92.69662921348316,15,660,27.6,False,2024,0.9777777777777777
507,LifeInsight,LSC24-AD05,AD,28.062486108024004,7,201,31.402,False,2024,0.9663461538461539
508,VitaChronicle1,LSC24-AD05,AD,34.94318181818182,0,246,37.081,False,2024,1.0
509,CollaXRSearch1,LSC24-AD05,AD,4.475524475524476,1,32,37.546,False,2024,0.9696969696969697
510,vitrivr-VR,LSC24-AD05,AD,12.148497688751927,3,87,36.496,False,2024,0.9666666666666667
511,MemoriEase,LSC24-AD05,AD,14.486326681448634,22,112,17.367,False,2024,0.835820895522388
512,Libro3,LSC24-AD05,AD,22.56410256410257,38,176,48.907,False,2024,0.822429906542056
513,LifeSeeker1,LSC24-AD05,AD,17.197566213314243,6,124,33.375,False,2024,0.9538461538461539
514,SnapSeek3,LSC24-AD05,AD,12.438574938574938,5,90,21.886,False,2024,0.9473684210526315
515,VISIONE2,LSC24-AD05,AD,14.367441618015013,8,105,27.204,False,2024,0.9292035398230089
516,Memento,LSC24-AD05,AD,18.36013056092844,12,135,24.158,False,2024,0.9183673469387755
517,EAGLE2,LSC24-AD05,AD,3.916728763040239,3,29,43.61,False,2024,0.90625
518,LifeLens1,LSC24-AD05,AD,14.265600079744816,14,107,21.533,False,2024,0.8842975206611571
519,Lifegraph,LSC24-AD05,AD,6.179775280898877,1,44,85.598,False,2024,0.9777777777777777
520,vitrivr,LSC24-AD05,AD,8.806818181818182,0,62,30.281,False,2024,1.0
521,Voxento,LSC24-AD05,AD,10.513232655502392,2,75,22.237,False,2024,0.974025974025974
522,MyEachtra,LSC24-AD05,AD,12.722462722462724,5,92,23.312,False,2024,0.9484536082474226
523,PraK3,LSC24-AD05,AD,1.7045454545454546,0,12,46.176,False,2024,1.0
524,LifeSeeker2,LSC24-AD05,AD,0.0,0,0,,False,2024,0.0
525,LIFEXPLORE1,LSC24-QA05,QA,88.22416666666666,0,1,70.655,False,2024,1.0
526,SnapSeek1,LSC24-QA05,QA,0.0,2,0,,False,2024,0.0
527,LIFEXPLORE2,LSC24-QA05,QA,93.12333333333332,0,1,41.26,False,2024,1.0
528,VISIONE1,LSC24-QA05,QA,52.08466666666666,1,1,227.492,False,2024,0.5
529,Libro1,LSC24-QA05,QA,92.49333333333334,0,1,45.04,False,2024,1.0
530,Exquisitor,LSC24-QA05,QA,94.31733333333332,1,1,34.096,False,2024,0.5
531,PraK1,LSC24-QA05,QA,89.131,0,1,65.214,False,2024,1.0
532,VISIONE3,LSC24-QA05,QA,88.94516666666667,0,1,66.329,False,2024,1.0
533,Libro2,LSC24-QA05,QA,92.13366666666668,0,1,47.198,False,2024,1.0
534,LIFEXPLORE3,LSC24-QA05,QA,93.138,0,1,41.172,False,2024,1.0
535,SnapSeek2,LSC24-QA05,QA,50.42766666666667,3,1,177.434,False,2024,0.25
536,SnapSeek4,LSC24-QA05,QA,43.22133333333333,2,1,220.672,False,2024,0.3333333333333333
537,SnapSeek5,LSC24-QA05,QA,0.0,2,0,,False,2024,0.0
538,EAGLE1,LSC24-QA05,QA,67.5815,0,1,194.511,False,2024,1.0
539,MEMORIA,LSC24-QA05,QA,80.5765,0,1,116.541,False,2024,1.0
540,Retrospect1,LSC24-QA05,QA,90.51,0,1,56.94,False,2024,1.0
541,PraK2,LSC24-QA05,QA,91.15266666666668,0,1,53.084,False,2024,1.0
542,LifeInsight,LSC24-QA05,QA,85.451,0,1,87.294,False,2024,1.0
543,VitaChronicle1,LSC24-QA05,QA,91.64133333333334,1,1,50.152,False,2024,0.5
544,CollaXRSearch1,LSC24-QA05,QA,76.92333333333333,2,1,78.46,False,2024,0.3333333333333333
545,vitrivr-VR,LSC24-QA05,QA,53.60816666666667,0,1,278.351,False,2024,1.0
546,MemoriEase,LSC24-QA05,QA,94.095,0,1,35.43,False,2024,1.0
547,Libro3,LSC24-QA05,QA,88.32366666666667,0,1,70.058,False,2024,1.0
548,LifeSeeker1,LSC24-QA05,QA,78.5995,0,1,128.403,False,2024,1.0
549,SnapSeek3,LSC24-QA05,QA,54.58433333333333,2,1,212.494,False,2024,0.3333333333333333
550,VISIONE2,LSC24-QA05,QA,56.6595,1,1,200.043,False,2024,0.5
551,Memento,LSC24-QA05,QA,92.42083333333332,0,1,45.475,False,2024,1.0
552,EAGLE2,LSC24-QA05,QA,68.3735,1,1,189.759,False,2024,0.5
553,LifeLens1,LSC24-QA05,QA,80.66883333333334,0,1,115.987,False,2024,1.0
554,Lifegraph,LSC24-QA05,QA,80.9685,0,1,114.189,False,2024,1.0
555,vitrivr,LSC24-QA05,QA,66.02983333333333,1,1,143.821,False,2024,0.5
556,Voxento,LSC24-QA05,QA,87.235,0,1,76.59,False,2024,1.0
557,MyEachtra,LSC24-QA05,QA,88.56216666666666,0,1,68.627,False,2024,1.0
558,PraK3,LSC24-QA05,QA,87.46366666666667,0,1,75.218,False,2024,1.0
559,LifeSeeker2,LSC24-QA05,QA,0.0,0,0,,False,2024,0.0
